
# ========== uninstall session started at 2026-02-07 11:24:00 ==========
[2026-02-07 11:25:52] [uninstall] REMOVED /Applications/WebStorm.app (2.58GB)
[2026-02-07 11:25:52] [uninstall] REMOVED /Users/mahir/Library/Preferences/com.jetbrains.WebStorm.plist (4KB)
[2026-02-07 11:25:52] [uninstall] REMOVED /Applications/VNC Viewer.app (17.4MB)
[2026-02-07 11:25:52] [uninstall] REMOVED /Applications/CodeTantra SEA.app (270.5MB)
[2026-02-07 11:25:52] [uninstall] REMOVED /Users/mahir/Library/Application Support/CodeTantra SEA (4KB)
[2026-02-07 11:25:52] [uninstall] REMOVED /Users/mahir/Library/Logs/CodeTantra SEA (92KB)
[2026-02-07 11:25:52] [uninstall] REMOVED /Users/mahir/Library/Preferences/com.codetantra.sea.plist (4KB)
[2026-02-07 11:25:53] [uninstall] REMOVED /Applications/AppCleaner.app (8.0MB)
[2026-02-07 11:25:53] [uninstall] REMOVED /Users/mahir/Library/Preferences/net.freemacsoft.AppCleaner.plist (4KB)
[2026-02-07 11:25:55] [uninstall] REMOVED /Applications/Days Gone.app (36.17GB)
[2026-02-07 11:25:55] [uninstall] REMOVED /Applications/The Unarchiver.app (48.0MB)
[2026-02-07 11:25:55] [uninstall] REMOVED /Users/mahir/Library/HTTPStorages/com.macpaw.site.theunarchiver (80KB)
[2026-02-07 11:25:55] [uninstall] REMOVED /Users/mahir/Library/Preferences/com.macpaw.site.theunarchiver.plist (4KB)
[2026-02-07 11:25:56] [uninstall] REMOVED /Applications/OpenVPN Connect/OpenVPN Connect.app (288.1MB)
[2026-02-07 11:25:56] [uninstall] REMOVED /Users/mahir/Library/Application Support/OpenVPN Connect (1.9MB)
[2026-02-07 11:25:56] [uninstall] REMOVED /Users/mahir/Library/Preferences/org.openvpn.client.app.plist (4KB)
[2026-02-07 11:25:56] [uninstall] REMOVED /Applications/AnyDesk.app (63.1MB)
[2026-02-07 11:25:56] [uninstall] REMOVED /Users/mahir/Library/Preferences/com.philandro.anydesk.plist (4KB)
[2026-02-07 11:28:49] [uninstall] REMOVED /Applications/Docker.app (1.91GB)
[2026-02-07 11:28:49] [uninstall] REMOVED /Users/mahir/.docker (7.8MB)

# ========== clean session started at 2026-02-07 11:30:55 ==========
[2026-02-07 11:30:55] [clean] REMOVED /private/var/tmp/mahir-ghidra/packed-db-cache/pdbB98B6C50/db.1.gbf (6.6MB)
[2026-02-07 11:30:55] [clean] REMOVED /private/var/tmp/mahir-ghidra/packed-db-cache/pdbEC1558FB/db.1.gbf (6.6MB)
[2026-02-07 11:30:55] [clean] REMOVED /private/var/tmp/mahir-ghidra/packed-db-cache/cache.map (4KB)
[2026-02-07 11:30:55] [clean] REMOVED /private/var/tmp/mahir-ghidra/fscache2/.lastmaint (4KB)
[2026-02-07 11:30:55] [clean] REMOVED /private/var/tmp/cbrgbc_1.sqlite (100KB)
[2026-02-07 11:30:55] [clean] REMOVED /private/var/tmp/cbrgbc_1.sqlite-shm (32KB)
[2026-02-07 11:30:56] [clean] REMOVED /private/var/tmp/cbrgbc_1.sqlite-wal
[2026-02-07 11:30:56] [clean] REMOVED /Library/Logs/DiagnosticReports/.com.apple.MobileSoftwareUpdate.UpdateBrainService_2025-08-20-053019_Black-Box.diag
[2026-02-07 11:30:56] [clean] REMOVED /private/var/log/bst_cleanup_error.log
[2026-02-07 11:30:56] [clean] REMOVED /private/var/log/bst_cleanup.log (4KB)
[2026-02-07 11:30:56] [clean] REMOVED /private/var/log/BlueStacksInstaller_5.21.715.7538.log (64KB)
[2026-02-07 11:30:56] [clean] REMOVED /private/var/log/alf.log
[2026-02-07 11:30:56] [clean] REMOVED /private/var/log/shutdown_monitor.log (88KB)
[2026-02-07 11:30:56] [clean] REMOVED /private/var/log/jreinstall.log (4KB)
[2026-02-07 11:30:56] [clean] REMOVED /private/var/folders/mt/k_w3660d7_730qr65szll8sr0000gp/X/com.google.Chrome.code_sign_clone
[2026-02-07 11:31:01] [clean] REMOVED /private/var/db/diagnostics/Special/0000000000002562.tracev3 (20KB)
[2026-02-07 11:31:01] [clean] REMOVED /private/var/db/diagnostics/Special/0000000000002572.tracev3 (16KB)
[2026-02-07 11:31:01] [clean] REMOVED /private/var/db/diagnostics/Special/000000000000258f.tracev3 (20KB)
[2026-02-07 11:31:01] [clean] REMOVED /private/var/db/diagnostics/Special/00000000000024f5.tracev3 (204KB)
[2026-02-07 11:31:01] [clean] REMOVED /private/var/db/diagnostics/Special/00000000000025bb.tracev3 (124KB)
[2026-02-07 11:31:01] [clean] REMOVED /private/var/db/diagnostics/Special/0000000000002500.tracev3 (936KB)
[2026-02-07 11:31:01] [clean] REMOVED /private/var/db/diagnostics/Special/0000000000002510.tracev3 (20KB)
[2026-02-07 11:31:01] [clean] REMOVED /private/var/db/diagnostics/Special/00000000000026dd.tracev3 (1.9MB)
[2026-02-07 11:31:01] [clean] REMOVED /private/var/db/diagnostics/Special/000000000000268b.tracev3 (876KB)
[2026-02-07 11:31:01] [clean] REMOVED /private/var/db/diagnostics/Special/00000000000024fe.tracev3 (904KB)
[2026-02-07 11:31:01] [clean] REMOVED /private/var/db/diagnostics/Special/000000000000256b.tracev3 (20KB)
[2026-02-07 11:31:02] [clean] REMOVED /private/var/db/diagnostics/Special/000000000000257b.tracev3 (124KB)
[2026-02-07 11:31:02] [clean] REMOVED /private/var/db/diagnostics/Special/0000000000002586.tracev3 (24KB)
[2026-02-07 11:31:02] [clean] REMOVED /private/var/db/diagnostics/Special/0000000000002596.tracev3 (256KB)
[2026-02-07 11:31:02] [clean] REMOVED /private/var/db/diagnostics/Special/00000000000024c8.tracev3 (16KB)
[2026-02-07 11:31:02] [clean] REMOVED /private/var/db/diagnostics/Special/000000000000262b.tracev3 (1.1MB)
[2026-02-07 11:31:02] [clean] REMOVED /private/var/db/diagnostics/Special/000000000000254d.tracev3 (20KB)
[2026-02-07 11:31:02] [clean] REMOVED /private/var/db/diagnostics/Special/000000000000255d.tracev3 (1.3MB)
[2026-02-07 11:31:02] [clean] REMOVED /private/var/db/diagnostics/Special/00000000000024ec.tracev3 (1.2MB)
[2026-02-07 11:31:02] [clean] REMOVED /private/var/db/diagnostics/Special/00000000000024dc.tracev3 (428KB)
[2026-02-07 11:31:02] [clean] REMOVED /private/var/db/diagnostics/Special/0000000000002519.tracev3 (20KB)
[2026-02-07 11:31:02] [clean] REMOVED /private/var/db/diagnostics/Special/0000000000002509.tracev3 (16KB)
[2026-02-07 11:31:02] [clean] REMOVED /private/var/db/diagnostics/Special/00000000000024ca.tracev3 (20KB)
[2026-02-07 11:31:02] [clean] REMOVED /private/var/db/diagnostics/Special/000000000000252f.tracev3 (568KB)
[2026-02-07 11:31:02] [clean] REMOVED /private/var/db/diagnostics/Special/000000000000253f.tracev3 (1.2MB)
[2026-02-07 11:31:02] [clean] REMOVED /private/var/db/diagnostics/Special/0000000000002526.tracev3 (16KB)
[2026-02-07 11:31:02] [clean] REMOVED /private/var/db/diagnostics/Special/0000000000002536.tracev3 (88KB)
[2026-02-07 11:31:02] [clean] REMOVED /private/var/db/diagnostics/Special/00000000000024c1.tracev3 (16KB)
[2026-02-07 11:31:02] [clean] REMOVED /private/var/db/diagnostics/Special/00000000000024e3.tracev3 (1.2MB)
[2026-02-07 11:31:02] [clean] REMOVED /private/var/db/diagnostics/Special/00000000000024d3.tracev3 (16KB)
[2026-02-07 11:31:02] [clean] REMOVED /private/var/db/diagnostics/Special/00000000000025ff.tracev3 (556KB)
[2026-02-07 11:31:02] [clean] REMOVED /private/var/db/diagnostics/Special/0000000000002544.tracev3 (488KB)
[2026-02-07 11:31:02] [clean] REMOVED /private/var/db/diagnostics/Special/0000000000002554.tracev3 (312KB)
[2026-02-07 11:31:02] [clean] REMOVED /private/var/db/diagnostics/Special/00000000000024db.tracev3 (400KB)
[2026-02-07 11:31:02] [clean] REMOVED /private/var/db/diagnostics/Special/00000000000024eb.tracev3 (128KB)
[2026-02-07 11:31:02] [clean] REMOVED /private/var/db/diagnostics/Special/0000000000002508.tracev3 (20KB)
[2026-02-07 11:31:02] [clean] REMOVED /private/var/db/diagnostics/Special/0000000000002518.tracev3 (16KB)
[2026-02-07 11:31:02] [clean] REMOVED /private/var/db/diagnostics/Special/000000000000255e.tracev3 (352KB)
[2026-02-07 11:31:03] [clean] REMOVED /private/var/db/diagnostics/Special/000000000000254e.tracev3 (20KB)
[2026-02-07 11:31:03] [clean] REMOVED /private/var/db/diagnostics/Special/00000000000024c0.tracev3 (52KB)
[2026-02-07 11:31:03] [clean] REMOVED /private/var/db/diagnostics/Special/0000000000002537.tracev3 (116KB)
[2026-02-07 11:31:03] [clean] REMOVED /private/var/db/diagnostics/Special/0000000000002527.tracev3 (20KB)
[2026-02-07 11:31:03] [clean] REMOVED /private/var/db/diagnostics/Special/0000000000002555.tracev3 (252KB)
[2026-02-07 11:31:03] [clean] REMOVED /private/var/db/diagnostics/Special/0000000000002545.tracev3 (572KB)
[2026-02-07 11:31:03] [clean] REMOVED /private/var/db/diagnostics/Special/00000000000024d2.tracev3 (88KB)
[2026-02-07 11:31:03] [clean] REMOVED /private/var/db/diagnostics/Special/00000000000024e2.tracev3 (572KB)
[2026-02-07 11:31:03] [clean] REMOVED /private/var/db/diagnostics/Special/00000000000024f4.tracev3 (24KB)
[2026-02-07 11:31:03] [clean] REMOVED /private/var/db/diagnostics/Special/0000000000002573.tracev3 (12KB)
[2026-02-07 11:31:03] [clean] REMOVED /private/var/db/diagnostics/Special/0000000000002563.tracev3 (100KB)
[2026-02-07 11:31:03] [clean] REMOVED /private/var/db/diagnostics/Special/0000000000002615.tracev3 (1.1MB)
[2026-02-07 11:31:03] [clean] REMOVED /private/var/db/diagnostics/Special/00000000000025bc.tracev3 (56KB)
[2026-02-07 11:31:03] [clean] REMOVED /private/var/db/diagnostics/Special/000000000000268c.tracev3 (1.2MB)
[2026-02-07 11:31:03] [clean] REMOVED /private/var/db/diagnostics/Special/0000000000002511.tracev3 (24KB)
[2026-02-07 11:31:03] [clean] REMOVED /private/var/db/diagnostics/Special/0000000000002501.tracev3 (16KB)
[2026-02-07 11:31:03] [clean] REMOVED /private/var/db/diagnostics/Special/00000000000025b3.tracev3 (44KB)
[2026-02-07 11:31:03] [clean] REMOVED /private/var/db/diagnostics/Special/00000000000026d5.tracev3 (1.9MB)
[2026-02-07 11:31:03] [clean] REMOVED /private/var/db/diagnostics/Special/000000000000251a.tracev3 (20KB)
[2026-02-07 11:31:03] [clean] REMOVED /private/var/db/diagnostics/Special/000000000000250a.tracev3 (28KB)
[2026-02-07 11:31:03] [clean] REMOVED /private/var/db/diagnostics/Special/000000000000257c.tracev3 (16KB)
[2026-02-07 11:31:03] [clean] REMOVED /private/var/db/diagnostics/Special/000000000000256c.tracev3 (20KB)
[2026-02-07 11:31:03] [clean] REMOVED /private/var/db/diagnostics/Special/00000000000024c9.tracev3 (20KB)
[2026-02-07 11:31:03] [clean] REMOVED /private/var/db/diagnostics/Special/000000000000260e.tracev3 (36KB)
[2026-02-07 11:31:03] [clean] REMOVED /private/var/db/diagnostics/Special/0000000000002597.tracev3 (220KB)
[2026-02-07 11:31:03] [clean] REMOVED /private/var/db/diagnostics/Special/0000000000002587.tracev3 (20KB)
[2026-02-07 11:31:04] [clean] REMOVED /private/var/db/diagnostics/Special/00000000000024fd.tracev3 (444KB)
[2026-02-07 11:31:04] [clean] REMOVED /private/var/db/diagnostics/Special/0000000000002658.tracev3 (1.2MB)
[2026-02-07 11:31:04] [clean] REMOVED /private/var/db/diagnostics/Special/000000000000252e.tracev3 (744KB)
[2026-02-07 11:31:04] [clean] REMOVED /private/var/db/diagnostics/Special/000000000000253e.tracev3 (228KB)
[2026-02-07 11:31:04] [clean] REMOVED /private/var/db/diagnostics/Special/00000000000024cb.tracev3 (300KB)
[2026-02-07 11:31:04] [clean] REMOVED /private/var/db/diagnostics/Special/0000000000002578.tracev3 (1.1MB)
[2026-02-07 11:31:04] [clean] REMOVED /private/var/db/diagnostics/Special/0000000000002568.tracev3 (96KB)
[2026-02-07 11:31:04] [clean] REMOVED /private/var/db/diagnostics/Special/00000000000025f5.tracev3 (952KB)
[2026-02-07 11:31:04] [clean] REMOVED /private/var/db/diagnostics/Special/0000000000002547.tracev3 (16KB)
[2026-02-07 11:31:04] [clean] REMOVED /private/var/db/diagnostics/Special/0000000000002557.tracev3 (272KB)
[2026-02-07 11:31:04] [clean] REMOVED /private/var/db/diagnostics/Special/00000000000024e0.tracev3 (108KB)
[2026-02-07 11:31:04] [clean] REMOVED /private/var/db/diagnostics/Special/00000000000024d0.tracev3 (96KB)
[2026-02-07 11:31:04] [clean] REMOVED /private/var/db/diagnostics/Special/00000000000024c2.tracev3 (24KB)
[2026-02-07 11:31:04] [clean] REMOVED /private/var/db/diagnostics/Special/0000000000002525.tracev3 (16KB)
[2026-02-07 11:31:04] [clean] REMOVED /private/var/db/diagnostics/Special/0000000000002535.tracev3 (16KB)
[2026-02-07 11:31:04] [clean] REMOVED /private/var/db/diagnostics/Special/0000000000002503.tracev3 (20KB)
[2026-02-07 11:31:04] [clean] REMOVED /private/var/db/diagnostics/Special/0000000000002513.tracev3 (1.0MB)
[2026-02-07 11:31:04] [clean] REMOVED /private/var/db/diagnostics/Special/00000000000024f6.tracev3 (16KB)
[2026-02-07 11:31:04] [clean] REMOVED /private/var/db/diagnostics/Special/00000000000025ec.tracev3 (1.0MB)
[2026-02-07 11:31:04] [clean] REMOVED /private/var/db/diagnostics/Special/000000000000258e.tracev3 (20KB)
[2026-02-07 11:31:04] [clean] REMOVED /private/var/db/diagnostics/Special/00000000000026ce.tracev3 (1.9MB)
[2026-02-07 11:31:04] [clean] REMOVED /private/var/db/diagnostics/Special/0000000000002561.tracev3 (20KB)
[2026-02-07 11:31:04] [clean] REMOVED /private/var/db/diagnostics/Special/0000000000002571.tracev3 (32KB)
[2026-02-07 11:31:04] [clean] REMOVED /private/var/db/diagnostics/Special/0000000000002585.tracev3 (252KB)
[2026-02-07 11:31:04] [clean] REMOVED /private/var/db/diagnostics/Special/0000000000002595.tracev3 (28KB)
[2026-02-07 11:31:04] [clean] REMOVED /private/var/db/diagnostics/Special/000000000000256a.tracev3 (248KB)
[2026-02-07 11:31:05] [clean] REMOVED /private/var/db/diagnostics/Special/000000000000257a.tracev3 (24KB)
[2026-02-07 11:31:05] [clean] REMOVED /private/var/db/diagnostics/Special/00000000000024ff.tracev3 (184KB)
[2026-02-07 11:31:05] [clean] REMOVED /private/var/db/diagnostics/Special/000000000000250c.tracev3 (20KB)
[2026-02-07 11:31:05] [clean] REMOVED /private/var/db/diagnostics/Special/000000000000251c.tracev3 (16KB)
[2026-02-07 11:31:05] [clean] REMOVED /private/var/db/diagnostics/Special/00000000000024d9.tracev3 (292KB)
[2026-02-07 11:31:05] [clean] REMOVED /private/var/db/diagnostics/Special/00000000000024e9.tracev3 (12KB)
[2026-02-07 11:31:05] [clean] REMOVED /private/var/db/diagnostics/Special/0000000000002512.tracev3 (644KB)
[2026-02-07 11:31:05] [clean] REMOVED /private/var/db/diagnostics/Special/00000000000026df.tracev3 (1.9MB)
[2026-02-07 11:31:05] [clean] REMOVED /private/var/db/diagnostics/Special/0000000000002502.tracev3 (16KB)
[2026-02-07 11:31:05] [clean] REMOVED /private/var/db/diagnostics/Special/000000000000258d.tracev3 (16KB)
[2026-02-07 11:31:05] [clean] REMOVED /private/var/db/diagnostics/Special/00000000000025db.tracev3 (1.1MB)
[2026-02-07 11:31:05] [clean] REMOVED /private/var/db/diagnostics/Special/0000000000002570.tracev3 (16KB)
[2026-02-07 11:31:05] [clean] REMOVED /private/var/db/diagnostics/Special/0000000000002560.tracev3 (24KB)
[2026-02-07 11:31:05] [clean] REMOVED /private/var/db/diagnostics/Special/00000000000024f7.tracev3 (20KB)
[2026-02-07 11:31:05] [clean] REMOVED /private/var/db/diagnostics/Special/0000000000002594.tracev3 (16KB)
[2026-02-07 11:31:05] [clean] REMOVED /private/var/db/diagnostics/Special/0000000000002584.tracev3 (632KB)
[2026-02-07 11:31:05] [clean] REMOVED /private/var/db/diagnostics/Special/000000000000251b.tracev3 (20KB)
[2026-02-07 11:31:05] [clean] REMOVED /private/var/db/diagnostics/Special/000000000000250b.tracev3 (24KB)
[2026-02-07 11:31:05] [clean] REMOVED /private/var/db/diagnostics/Special/00000000000024e8.tracev3 (108KB)
[2026-02-07 11:31:05] [clean] REMOVED /private/var/db/diagnostics/Special/00000000000024d8.tracev3 (504KB)
[2026-02-07 11:31:05] [clean] REMOVED /private/var/db/diagnostics/Special/00000000000024bc.tracev3 (24KB)
[2026-02-07 11:31:05] [clean] REMOVED /private/var/db/diagnostics/Special/00000000000024cc.tracev3 (424KB)
[2026-02-07 11:31:05] [clean] REMOVED /private/var/db/diagnostics/Special/0000000000002569.tracev3 (32KB)
[2026-02-07 11:31:05] [clean] REMOVED /private/var/db/diagnostics/Special/0000000000002579.tracev3 (12KB)
[2026-02-07 11:31:05] [clean] REMOVED /private/var/db/diagnostics/Special/000000000000253d.tracev3 (12KB)
[2026-02-07 11:31:05] [clean] REMOVED /private/var/db/diagnostics/Special/000000000000252d.tracev3 (264KB)
[2026-02-07 11:31:06] [clean] REMOVED /private/var/db/diagnostics/Special/000000000000255f.tracev3 (16KB)
[2026-02-07 11:31:06] [clean] REMOVED /private/var/db/diagnostics/Special/000000000000254f.tracev3 (64KB)
[2026-02-07 11:31:06] [clean] REMOVED /private/var/db/diagnostics/Special/00000000000024da.tracev3 (288KB)
[2026-02-07 11:31:06] [clean] REMOVED /private/var/db/diagnostics/Special/00000000000024ea.tracev3 (16KB)
[2026-02-07 11:31:06] [clean] REMOVED /private/var/db/diagnostics/Special/00000000000024d1.tracev3 (36KB)
[2026-02-07 11:31:06] [clean] REMOVED /private/var/db/diagnostics/Special/00000000000024e1.tracev3 (156KB)
[2026-02-07 11:31:06] [clean] REMOVED /private/var/db/diagnostics/Special/0000000000002556.tracev3 (96KB)
[2026-02-07 11:31:06] [clean] REMOVED /private/var/db/diagnostics/Special/0000000000002546.tracev3 (452KB)
[2026-02-07 11:31:06] [clean] REMOVED /private/var/db/diagnostics/Special/0000000000002534.tracev3 (728KB)
[2026-02-07 11:31:06] [clean] REMOVED /private/var/db/diagnostics/Special/0000000000002524.tracev3 (20KB)
[2026-02-07 11:31:06] [clean] REMOVED /private/var/db/diagnostics/Special/00000000000024c3.tracev3 (20KB)
[2026-02-07 11:31:06] [clean] REMOVED /private/var/db/diagnostics/Special/00000000000024e4.tracev3 (276KB)
[2026-02-07 11:31:06] [clean] REMOVED /private/var/db/diagnostics/Special/00000000000024d4.tracev3 (20KB)
[2026-02-07 11:31:06] [clean] REMOVED /private/var/db/diagnostics/Special/0000000000002543.tracev3 (308KB)
[2026-02-07 11:31:06] [clean] REMOVED /private/var/db/diagnostics/Special/0000000000002553.tracev3 (416KB)
[2026-02-07 11:31:06] [clean] REMOVED /private/var/db/diagnostics/Special/0000000000002521.tracev3 (344KB)
[2026-02-07 11:31:06] [clean] REMOVED /private/var/db/diagnostics/Special/0000000000002531.tracev3 (32KB)
[2026-02-07 11:31:06] [clean] REMOVED /private/var/db/diagnostics/Special/00000000000025ac.tracev3 (96KB)
[2026-02-07 11:31:06] [clean] REMOVED /private/var/db/diagnostics/Special/00000000000024c6.tracev3 (636KB)
[2026-02-07 11:31:06] [clean] REMOVED /private/var/db/diagnostics/Special/0000000000002598.tracev3 (12KB)
[2026-02-07 11:31:06] [clean] REMOVED /private/var/db/diagnostics/Special/0000000000002588.tracev3 (20KB)
[2026-02-07 11:31:06] [clean] REMOVED /private/var/db/diagnostics/Special/00000000000024cf.tracev3 (476KB)
[2026-02-07 11:31:06] [clean] REMOVED /private/var/db/diagnostics/Special/00000000000024bf.tracev3 (24KB)
[2026-02-07 11:31:06] [clean] REMOVED /private/var/db/diagnostics/Special/000000000000252a.tracev3 (840KB)
[2026-02-07 11:31:06] [clean] REMOVED /private/var/db/diagnostics/Special/000000000000253a.tracev3 (124KB)
[2026-02-07 11:31:06] [clean] REMOVED /private/var/db/diagnostics/Special/000000000000254c.tracev3 (16KB)
[2026-02-07 11:31:07] [clean] REMOVED /private/var/db/diagnostics/Special/000000000000255c.tracev3 (24KB)
[2026-02-07 11:31:07] [clean] REMOVED /private/var/db/diagnostics/Special/00000000000024ed.tracev3 (736KB)
[2026-02-07 11:31:07] [clean] REMOVED /private/var/db/diagnostics/Special/0000000000002678.tracev3 (96KB)
[2026-02-07 11:31:07] [clean] REMOVED /private/var/db/diagnostics/Special/00000000000024dd.tracev3 (340KB)
[2026-02-07 11:31:07] [clean] REMOVED /private/var/db/diagnostics/Special/0000000000002538.tracev3 (76KB)
[2026-02-07 11:31:07] [clean] REMOVED /private/var/db/diagnostics/Special/0000000000002528.tracev3 (108KB)
[2026-02-07 11:31:07] [clean] REMOVED /private/var/db/diagnostics/Special/00000000000024fb.tracev3 (16KB)
[2026-02-07 11:31:07] [clean] REMOVED /private/var/db/diagnostics/Special/000000000000256e.tracev3 (1.1MB)
[2026-02-07 11:31:07] [clean] REMOVED /private/var/db/diagnostics/Special/000000000000257e.tracev3 (20KB)
[2026-02-07 11:31:07] [clean] REMOVED /private/var/db/diagnostics/Special/00000000000026b1.tracev3 (1.8MB)
[2026-02-07 11:31:07] [clean] REMOVED /private/var/db/diagnostics/Special/0000000000002581.tracev3 (692KB)
[2026-02-07 11:31:07] [clean] REMOVED /private/var/db/diagnostics/Special/0000000000002591.tracev3 (1.9MB)
[2026-02-07 11:31:07] [clean] REMOVED /private/var/db/diagnostics/Special/00000000000025b5.tracev3 (108KB)
[2026-02-07 11:31:07] [clean] REMOVED /private/var/db/diagnostics/Special/00000000000026e3.tracev3 (1.8MB)
[2026-02-07 11:31:07] [clean] REMOVED /private/var/db/diagnostics/Special/0000000000002685.tracev3 (768KB)
[2026-02-07 11:31:07] [clean] REMOVED /private/var/db/diagnostics/Special/000000000000268e.tracev3 (1.2MB)
[2026-02-07 11:31:07] [clean] REMOVED /private/var/db/diagnostics/Special/0000000000002507.tracev3 (1.2MB)
[2026-02-07 11:31:07] [clean] REMOVED /private/var/db/diagnostics/Special/0000000000002517.tracev3 (20KB)
[2026-02-07 11:31:07] [clean] REMOVED /private/var/db/diagnostics/Special/0000000000002565.tracev3 (184KB)
[2026-02-07 11:31:07] [clean] REMOVED /private/var/db/diagnostics/Special/0000000000002575.tracev3 (16KB)
[2026-02-07 11:31:07] [clean] REMOVED /private/var/db/diagnostics/Special/000000000000258a.tracev3 (20KB)
[2026-02-07 11:31:07] [clean] REMOVED /private/var/db/diagnostics/Special/00000000000024f2.tracev3 (28KB)
[2026-02-07 11:31:07] [clean] REMOVED /private/var/db/diagnostics/Special/000000000000257d.tracev3 (20KB)
[2026-02-07 11:31:07] [clean] REMOVED /private/var/db/diagnostics/Special/000000000000256d.tracev3 (92KB)
[2026-02-07 11:31:07] [clean] REMOVED /private/var/db/diagnostics/Special/0000000000002590.tracev3 (612KB)
[2026-02-07 11:31:07] [clean] REMOVED /private/var/db/diagnostics/Special/0000000000002580.tracev3 (20KB)
[2026-02-07 11:31:08] [clean] REMOVED /private/var/db/diagnostics/Special/0000000000002529.tracev3 (1.1MB)
[2026-02-07 11:31:08] [clean] REMOVED /private/var/db/diagnostics/Special/0000000000002539.tracev3 (100KB)
[2026-02-07 11:31:08] [clean] REMOVED /private/var/db/diagnostics/Special/00000000000024fc.tracev3 (16KB)
[2026-02-07 11:31:08] [clean] REMOVED /private/var/db/diagnostics/Special/0000000000002684.tracev3 (1.0MB)
[2026-02-07 11:31:08] [clean] REMOVED /private/var/db/diagnostics/Special/00000000000026d2.tracev3 (1.8MB)
[2026-02-07 11:31:08] [clean] REMOVED /private/var/db/diagnostics/Special/000000000000251f.tracev3 (28KB)
[2026-02-07 11:31:08] [clean] REMOVED /private/var/db/diagnostics/Special/00000000000026e2.tracev3 (1.9MB)
[2026-02-07 11:31:08] [clean] REMOVED /private/var/db/diagnostics/Special/000000000000250f.tracev3 (24KB)
[2026-02-07 11:31:08] [clean] REMOVED /private/var/db/diagnostics/Special/0000000000002516.tracev3 (1.1MB)
[2026-02-07 11:31:08] [clean] REMOVED /private/var/db/diagnostics/Special/0000000000002506.tracev3 (128KB)
[2026-02-07 11:31:08] [clean] REMOVED /private/var/db/diagnostics/Special/00000000000024f3.tracev3 (28KB)
[2026-02-07 11:31:08] [clean] REMOVED /private/var/db/diagnostics/Special/0000000000002574.tracev3 (12KB)
[2026-02-07 11:31:08] [clean] REMOVED /private/var/db/diagnostics/Special/0000000000002564.tracev3 (444KB)
[2026-02-07 11:31:08] [clean] REMOVED /private/var/db/diagnostics/Special/0000000000002552.tracev3 (1.9MB)
[2026-02-07 11:31:08] [clean] REMOVED /private/var/db/diagnostics/Special/0000000000002542.tracev3 (324KB)
[2026-02-07 11:31:08] [clean] REMOVED /private/var/db/diagnostics/Special/00000000000024d5.tracev3 (1.2MB)
[2026-02-07 11:31:08] [clean] REMOVED /private/var/db/diagnostics/Special/00000000000024e5.tracev3 (1.1MB)
[2026-02-07 11:31:08] [clean] REMOVED /private/var/db/diagnostics/Special/0000000000002589.tracev3 (28KB)
[2026-02-07 11:31:08] [clean] REMOVED /private/var/db/diagnostics/Special/0000000000002599.tracev3 (80KB)
[2026-02-07 11:31:08] [clean] REMOVED /private/var/db/diagnostics/Special/00000000000024c7.tracev3 (16KB)
[2026-02-07 11:31:08] [clean] REMOVED /private/var/db/diagnostics/Special/0000000000002530.tracev3 (192KB)
[2026-02-07 11:31:08] [clean] REMOVED /private/var/db/diagnostics/Special/0000000000002520.tracev3 (96KB)
[2026-02-07 11:31:08] [clean] REMOVED /private/var/db/diagnostics/Special/00000000000024de.tracev3 (252KB)
[2026-02-07 11:31:08] [clean] REMOVED /private/var/db/diagnostics/Special/00000000000024ee.tracev3 (20KB)
[2026-02-07 11:31:08] [clean] REMOVED /private/var/db/diagnostics/Special/000000000000263d.tracev3 (808KB)
[2026-02-07 11:31:08] [clean] REMOVED /private/var/db/diagnostics/Special/000000000000255b.tracev3 (16KB)
[2026-02-07 11:31:09] [clean] REMOVED /private/var/db/diagnostics/Special/00000000000026a6.tracev3 (1.9MB)
[2026-02-07 11:31:09] [clean] REMOVED /private/var/db/diagnostics/Special/000000000000254b.tracev3 (16KB)
[2026-02-07 11:31:09] [clean] REMOVED /private/var/db/diagnostics/Special/0000000000002559.tracev3 (788KB)
[2026-02-07 11:31:09] [clean] REMOVED /private/var/db/diagnostics/Special/0000000000002549.tracev3 (24KB)
[2026-02-07 11:31:09] [clean] REMOVED /private/var/db/diagnostics/Special/00000000000026e0.tracev3 (1.9MB)
[2026-02-07 11:31:09] [clean] REMOVED /private/var/db/diagnostics/Special/000000000000250d.tracev3 (24KB)
[2026-02-07 11:31:09] [clean] REMOVED /private/var/db/diagnostics/Special/000000000000251d.tracev3 (12KB)
[2026-02-07 11:31:09] [clean] REMOVED /private/var/db/diagnostics/Special/0000000000002582.tracev3 (1.2MB)
[2026-02-07 11:31:09] [clean] REMOVED /private/var/db/diagnostics/Special/0000000000002592.tracev3 (240KB)
[2026-02-07 11:31:09] [clean] REMOVED /private/var/db/diagnostics/Special/000000000000256f.tracev3 (16KB)
[2026-02-07 11:31:09] [clean] REMOVED /private/var/db/diagnostics/Special/000000000000257f.tracev3 (16KB)
[2026-02-07 11:31:09] [clean] REMOVED /private/var/db/diagnostics/Special/00000000000024fa.tracev3 (92KB)
[2026-02-07 11:31:09] [clean] REMOVED /private/var/db/diagnostics/Special/00000000000025a9.tracev3 (84KB)
[2026-02-07 11:31:09] [clean] REMOVED /private/var/db/diagnostics/Special/00000000000024f1.tracev3 (24KB)
[2026-02-07 11:31:09] [clean] REMOVED /private/var/db/diagnostics/Special/000000000000258b.tracev3 (16KB)
[2026-02-07 11:31:09] [clean] REMOVED /private/var/db/diagnostics/Special/0000000000002566.tracev3 (284KB)
[2026-02-07 11:31:09] [clean] REMOVED /private/var/db/diagnostics/Special/0000000000002576.tracev3 (16KB)
[2026-02-07 11:31:09] [clean] REMOVED /private/var/db/diagnostics/Special/0000000000002504.tracev3 (24KB)
[2026-02-07 11:31:09] [clean] REMOVED /private/var/db/diagnostics/Special/0000000000002514.tracev3 (20KB)
[2026-02-07 11:31:09] [clean] REMOVED /private/var/db/diagnostics/Special/00000000000024c5.tracev3 (16KB)
[2026-02-07 11:31:09] [clean] REMOVED /private/var/db/diagnostics/Special/0000000000002522.tracev3 (1.2MB)
[2026-02-07 11:31:09] [clean] REMOVED /private/var/db/diagnostics/Special/0000000000002532.tracev3 (1.1MB)
[2026-02-07 11:31:09] [clean] REMOVED /private/var/db/diagnostics/Special/0000000000002540.tracev3 (224KB)
[2026-02-07 11:31:09] [clean] REMOVED /private/var/db/diagnostics/Special/0000000000002550.tracev3 (224KB)
[2026-02-07 11:31:09] [clean] REMOVED /private/var/db/diagnostics/Special/00000000000024e7.tracev3 (12KB)
[2026-02-07 11:31:09] [clean] REMOVED /private/var/db/diagnostics/Special/00000000000024d7.tracev3 (476KB)
[2026-02-07 11:31:10] [clean] REMOVED /private/var/db/diagnostics/Special/00000000000024f8.tracev3 (16KB)
[2026-02-07 11:31:10] [clean] REMOVED /private/var/db/diagnostics/Special/000000000000252b.tracev3 (96KB)
[2026-02-07 11:31:10] [clean] REMOVED /private/var/db/diagnostics/Special/000000000000253b.tracev3 (92KB)
[2026-02-07 11:31:10] [clean] REMOVED /private/var/db/diagnostics/Special/00000000000024ce.tracev3 (84KB)
[2026-02-07 11:31:10] [clean] REMOVED /private/var/db/diagnostics/Special/00000000000024be.tracev3 (88KB)
[2026-02-07 11:31:10] [clean] REMOVED /private/var/db/diagnostics/Special/0000000000002533.tracev3 (648KB)
[2026-02-07 11:31:10] [clean] REMOVED /private/var/db/diagnostics/Special/0000000000002523.tracev3 (16KB)
[2026-02-07 11:31:10] [clean] REMOVED /private/var/db/diagnostics/Special/00000000000024c4.tracev3 (60KB)
[2026-02-07 11:31:10] [clean] REMOVED /private/var/db/diagnostics/Special/00000000000024d6.tracev3 (416KB)
[2026-02-07 11:31:10] [clean] REMOVED /private/var/db/diagnostics/Special/00000000000024e6.tracev3 (128KB)
[2026-02-07 11:31:10] [clean] REMOVED /private/var/db/diagnostics/Special/0000000000002551.tracev3 (112KB)
[2026-02-07 11:31:10] [clean] REMOVED /private/var/db/diagnostics/Special/0000000000002541.tracev3 (176KB)
[2026-02-07 11:31:10] [clean] REMOVED /private/var/db/diagnostics/Special/000000000000255a.tracev3 (440KB)
[2026-02-07 11:31:10] [clean] REMOVED /private/var/db/diagnostics/Special/000000000000254a.tracev3 (20KB)
[2026-02-07 11:31:10] [clean] REMOVED /private/var/db/diagnostics/Special/00000000000024df.tracev3 (300KB)
[2026-02-07 11:31:10] [clean] REMOVED /private/var/db/diagnostics/Special/00000000000024ef.tracev3 (20KB)
[2026-02-07 11:31:10] [clean] REMOVED /private/var/db/diagnostics/Special/00000000000024bd.tracev3 (24KB)
[2026-02-07 11:31:10] [clean] REMOVED /private/var/db/diagnostics/Special/00000000000024cd.tracev3 (96KB)
[2026-02-07 11:31:10] [clean] REMOVED /private/var/db/diagnostics/Special/00000000000024f9.tracev3 (92KB)
[2026-02-07 11:31:10] [clean] REMOVED /private/var/db/diagnostics/Special/000000000000253c.tracev3 (120KB)
[2026-02-07 11:31:10] [clean] REMOVED /private/var/db/diagnostics/Special/000000000000252c.tracev3 (52KB)
[2026-02-07 11:31:10] [clean] REMOVED /private/var/db/diagnostics/Special/000000000000251e.tracev3 (24KB)
[2026-02-07 11:31:10] [clean] REMOVED /private/var/db/diagnostics/Special/000000000000250e.tracev3 (24KB)
[2026-02-07 11:31:10] [clean] REMOVED /private/var/db/diagnostics/Special/0000000000002548.tracev3 (360KB)
[2026-02-07 11:31:10] [clean] REMOVED /private/var/db/diagnostics/Special/0000000000002558.tracev3 (332KB)
[2026-02-07 11:31:10] [clean] REMOVED /private/var/db/diagnostics/Special/0000000000002593.tracev3 (20KB)
[2026-02-07 11:31:11] [clean] REMOVED /private/var/db/diagnostics/Special/0000000000002583.tracev3 (208KB)
[2026-02-07 11:31:11] [clean] REMOVED /private/var/db/diagnostics/Special/000000000000261a.tracev3 (1.2MB)
[2026-02-07 11:31:11] [clean] REMOVED /private/var/db/diagnostics/Special/000000000000258c.tracev3 (24KB)
[2026-02-07 11:31:11] [clean] REMOVED /private/var/db/diagnostics/Special/0000000000002577.tracev3 (156KB)
[2026-02-07 11:31:11] [clean] REMOVED /private/var/db/diagnostics/Special/0000000000002567.tracev3 (560KB)
[2026-02-07 11:31:11] [clean] REMOVED /private/var/db/diagnostics/Special/00000000000024f0.tracev3 (92KB)
[2026-02-07 11:31:11] [clean] REMOVED /private/var/db/diagnostics/Special/0000000000002515.tracev3 (288KB)
[2026-02-07 11:31:11] [clean] REMOVED /private/var/db/diagnostics/Special/0000000000002505.tracev3 (16KB)
[2026-02-07 11:31:11] [clean] REMOVED /private/var/db/DiagnosticPipeline/DRSTaskingDataModel.sqlite (40KB)
[2026-02-07 11:31:11] [clean] REMOVED /private/var/db/DiagnosticPipeline/DRSCKConfigModel.sqlite (24KB)
[2026-02-07 11:31:11] [clean] REMOVED /private/var/db/DiagnosticPipeline/DRSTaskingDataModel.sqlite-wal (12KB)
[2026-02-07 11:31:11] [clean] REMOVED /private/var/db/DiagnosticPipeline/DRSDataModel.sqlite-wal (44KB)
[2026-02-07 11:31:11] [clean] REMOVED /private/var/db/DiagnosticPipeline/DRSDataModel.sqlite (112KB)
[2026-02-07 11:31:11] [clean] REMOVED /private/var/db/powerlog/Library/PerfPowerTelemetry/CleanEnergy/CurrentCleanEnergyDB.CESQL (4KB)
[2026-02-07 11:31:11] [clean] REMOVED /private/var/db/powerlog/Library/PerfPowerTelemetry/XcodeOrganizer/CurrentXcodeOrganizerDB.XCSQL (4KB)
[2026-02-07 11:31:15] [clean] SKIPPED /Users/mahir/Library/Caches/CloudKit (whitelist)
[2026-02-07 11:31:15] [clean] SKIPPED /Users/mahir/Library/Caches/JetBrains (protected)
[2026-02-07 11:31:15] [clean] SKIPPED /Users/mahir/Library/Caches/ch.protonvpn.mac (protected)
[2026-02-07 11:31:15] [clean] SKIPPED /Users/mahir/Library/Caches/com.apple.AMPLibraryAgent (protected)
[2026-02-07 11:31:15] [clean] SKIPPED /Users/mahir/Library/Caches/com.apple.AppStoreDaemon.StoreUIService (protected)
[2026-02-07 11:31:15] [clean] SKIPPED /Users/mahir/Library/Caches/com.apple.AppleMediaServices (protected)
[2026-02-07 11:31:15] [clean] SKIPPED /Users/mahir/Library/Caches/com.apple.AuthenticationServicesCore.AuthenticationServicesAgent (protected)
[2026-02-07 11:31:15] [clean] SKIPPED /Users/mahir/Library/Caches/com.apple.AvatarKit (protected)
[2026-02-07 11:31:15] [clean] SKIPPED /Users/mahir/Library/Caches/com.apple.CharacterPaletteIM (protected)
[2026-02-07 11:31:15] [clean] SKIPPED /Users/mahir/Library/Caches/com.apple.CloudTelemetry (protected)
[2026-02-07 11:31:15] [clean] SKIPPED /Users/mahir/Library/Caches/com.apple.HomeKit (protected)
[2026-02-07 11:31:15] [clean] SKIPPED /Users/mahir/Library/Caches/com.apple.Music (protected)
[2026-02-07 11:31:15] [clean] SKIPPED /Users/mahir/Library/Caches/com.apple.Safari (protected)
[2026-02-07 11:31:15] [clean] SKIPPED /Users/mahir/Library/Caches/com.apple.SoftwareUpdateNotificationManager (protected)
[2026-02-07 11:31:15] [clean] SKIPPED /Users/mahir/Library/Caches/com.apple.accounts.dom (protected)
[2026-02-07 11:31:15] [clean] SKIPPED /Users/mahir/Library/Caches/com.apple.accountsd (protected)
[2026-02-07 11:31:15] [clean] SKIPPED /Users/mahir/Library/Caches/com.apple.akd (protected)
[2026-02-07 11:31:15] [clean] SKIPPED /Users/mahir/Library/Caches/com.apple.amsaccountsd (protected)
[2026-02-07 11:31:15] [clean] SKIPPED /Users/mahir/Library/Caches/com.apple.amsengagementd (protected)
[2026-02-07 11:31:15] [clean] SKIPPED /Users/mahir/Library/Caches/com.apple.amsondevicestoraged (protected)
[2026-02-07 11:31:15] [clean] SKIPPED /Users/mahir/Library/Caches/com.apple.ap.adprivacyd (protected)
[2026-02-07 11:31:15] [clean] SKIPPED /Users/mahir/Library/Caches/com.apple.appleaccountd (protected)
[2026-02-07 11:31:15] [clean] SKIPPED /Users/mahir/Library/Caches/com.apple.appstore (protected)
[2026-02-07 11:31:15] [clean] SKIPPED /Users/mahir/Library/Caches/com.apple.appstoreagent (protected)
[2026-02-07 11:31:15] [clean] SKIPPED /Users/mahir/Library/Caches/com.apple.appstorecomponentsd (protected)
[2026-02-07 11:31:15] [clean] SKIPPED /Users/mahir/Library/Caches/com.apple.assistantd (protected)
[2026-02-07 11:31:15] [clean] SKIPPED /Users/mahir/Library/Caches/com.apple.betaenrollmentagent (protected)
[2026-02-07 11:31:15] [clean] SKIPPED /Users/mahir/Library/Caches/com.apple.bird (protected)
[2026-02-07 11:31:15] [clean] SKIPPED /Users/mahir/Library/Caches/com.apple.bookassetd (protected)
[2026-02-07 11:31:15] [clean] SKIPPED /Users/mahir/Library/Caches/com.apple.bookdatastored (protected)
[2026-02-07 11:31:15] [clean] SKIPPED /Users/mahir/Library/Caches/com.apple.businessservicesd (protected)
[2026-02-07 11:31:15] [clean] SKIPPED /Users/mahir/Library/Caches/com.apple.cache_delete (protected)
[2026-02-07 11:31:15] [clean] SKIPPED /Users/mahir/Library/Caches/com.apple.chrono (protected)
[2026-02-07 11:31:15] [clean] SKIPPED /Users/mahir/Library/Caches/com.apple.cloudd (protected)
[2026-02-07 11:31:15] [clean] SKIPPED /Users/mahir/Library/Caches/com.apple.commerce (protected)
[2026-02-07 11:31:15] [clean] SKIPPED /Users/mahir/Library/Caches/com.apple.containermanagerd (protected)
[2026-02-07 11:31:15] [clean] SKIPPED /Users/mahir/Library/Caches/com.apple.controlcenter (protected)
[2026-02-07 11:31:15] [clean] SKIPPED /Users/mahir/Library/Caches/com.apple.ctcategories.service (protected)
[2026-02-07 11:31:15] [clean] SKIPPED /Users/mahir/Library/Caches/com.apple.dataaccess.dataaccessd (protected)
[2026-02-07 11:31:15] [clean] SKIPPED /Users/mahir/Library/Caches/com.apple.e5rt.e5bundlecache (protected)
[2026-02-07 11:31:15] [clean] SKIPPED /Users/mahir/Library/Caches/com.apple.feedbacklogger (protected)
[2026-02-07 11:31:15] [clean] SKIPPED /Users/mahir/Library/Caches/com.apple.gamed (protected)
[2026-02-07 11:31:15] [clean] SKIPPED /Users/mahir/Library/Caches/com.apple.geoanalyticsd (protected)
[2026-02-07 11:31:15] [clean] SKIPPED /Users/mahir/Library/Caches/com.apple.helpd (protected)
[2026-02-07 11:31:15] [clean] SKIPPED /Users/mahir/Library/Caches/com.apple.homed (protected)
[2026-02-07 11:31:15] [clean] SKIPPED /Users/mahir/Library/Caches/com.apple.iBooksX (protected)
[2026-02-07 11:31:15] [clean] SKIPPED /Users/mahir/Library/Caches/com.apple.iCloudNotificationAgent (protected)
[2026-02-07 11:31:15] [clean] SKIPPED /Users/mahir/Library/Caches/com.apple.iTunes (protected)
[2026-02-07 11:31:15] [clean] SKIPPED /Users/mahir/Library/Caches/com.apple.iTunesCloud (protected)
[2026-02-07 11:31:15] [clean] SKIPPED /Users/mahir/Library/Caches/com.apple.itunescloudd (protected)
[2026-02-07 11:31:15] [clean] SKIPPED /Users/mahir/Library/Caches/com.apple.naturallanguaged (protected)
[2026-02-07 11:31:15] [clean] SKIPPED /Users/mahir/Library/Caches/com.apple.nbagent (protected)
[2026-02-07 11:31:15] [clean] SKIPPED /Users/mahir/Library/Caches/com.apple.nsservicescache.plist (protected)
[2026-02-07 11:31:15] [clean] SKIPPED /Users/mahir/Library/Caches/com.apple.nsurlsessiond (protected)
[2026-02-07 11:31:15] [clean] SKIPPED /Users/mahir/Library/Caches/com.apple.parsecd (protected)
[2026-02-07 11:31:15] [clean] SKIPPED /Users/mahir/Library/Caches/com.apple.passd (protected)
[2026-02-07 11:31:15] [clean] SKIPPED /Users/mahir/Library/Caches/com.apple.preferencepanes.usercache (protected)
[2026-02-07 11:31:15] [clean] SKIPPED /Users/mahir/Library/Caches/com.apple.proactive.eventtracker (protected)
[2026-02-07 11:31:15] [clean] SKIPPED /Users/mahir/Library/Caches/com.apple.python (protected)
[2026-02-07 11:31:15] [clean] SKIPPED /Users/mahir/Library/Caches/com.apple.remindd (protected)
[2026-02-07 11:31:15] [clean] SKIPPED /Users/mahir/Library/Caches/com.apple.sharekit.-2417890708855011662.png (protected)
[2026-02-07 11:31:15] [clean] SKIPPED /Users/mahir/Library/Caches/com.apple.sharekit.-4733748633353167552.png (protected)
[2026-02-07 11:31:15] [clean] SKIPPED /Users/mahir/Library/Caches/com.apple.sharekit.-4983781140330059684.png (protected)
[2026-02-07 11:31:15] [clean] SKIPPED /Users/mahir/Library/Caches/com.apple.sharekit.-6780277465686202818.png (protected)
[2026-02-07 11:31:15] [clean] SKIPPED /Users/mahir/Library/Caches/com.apple.sharekit.-7779189576589942603.png (protected)
[2026-02-07 11:31:15] [clean] SKIPPED /Users/mahir/Library/Caches/com.apple.sharekit.14153899609806.png (protected)
[2026-02-07 11:31:15] [clean] SKIPPED /Users/mahir/Library/Caches/com.apple.sharekit.26919328759.png (protected)
[2026-02-07 11:31:15] [clean] SKIPPED /Users/mahir/Library/Caches/com.apple.sharekit.3465968951862004152.png (protected)
[2026-02-07 11:31:15] [clean] SKIPPED /Users/mahir/Library/Caches/com.apple.sharekit.663103074326612662.png (protected)
[2026-02-07 11:31:15] [clean] SKIPPED /Users/mahir/Library/Caches/com.apple.siri.SuggestionsBookkeepingService (protected)
[2026-02-07 11:31:15] [clean] SKIPPED /Users/mahir/Library/Caches/com.apple.siri.findmy.syncdevicedata.json (protected)
[2026-02-07 11:31:15] [clean] SKIPPED /Users/mahir/Library/Caches/com.apple.sirittsd (protected)
[2026-02-07 11:31:15] [clean] SKIPPED /Users/mahir/Library/Caches/com.apple.storekitagent (protected)
[2026-02-07 11:31:15] [clean] SKIPPED /Users/mahir/Library/Caches/com.apple.systemsettings.menucache (protected)
[2026-02-07 11:31:16] [clean] SKIPPED /Users/mahir/Library/Caches/com.apple.tipsd (protected)
[2026-02-07 11:31:16] [clean] SKIPPED /Users/mahir/Library/Caches/com.apple.tiswitcher.cache (protected)
[2026-02-07 11:31:16] [clean] SKIPPED /Users/mahir/Library/Caches/com.apple.translationd (protected)
[2026-02-07 11:31:16] [clean] SKIPPED /Users/mahir/Library/Caches/com.apple.watchlistd (protected)
[2026-02-07 11:31:16] [clean] SKIPPED /Users/mahir/Library/Caches/com.cloudflare.1dot1dot1dot1.macos (protected)
[2026-02-07 11:31:16] [clean] SKIPPED /Users/mahir/Library/Caches/com.microsoft.VSCode (protected)
[2026-02-07 11:31:16] [clean] SKIPPED /Users/mahir/Library/Caches/com.microsoft.VSCode.ShipIt (protected)
[2026-02-07 11:31:16] [clean] SKIPPED /Users/mahir/Library/Caches/io.tailscale.ipn.macsys (protected)
[2026-02-07 11:31:16] [clean] SKIPPED /Users/mahir/Library/Caches/ms-playwright-go (whitelist)
[2026-02-07 11:31:37] [clean] REMOVED /Users/mahir/Library/Caches/Arc (1.84GB)
[2026-02-07 11:31:37] [clean] REMOVED /Users/mahir/Library/Caches/JNA
[2026-02-07 11:31:37] [clean] REMOVED /Users/mahir/Library/Caches/pip (147.9MB)
[2026-02-07 11:31:37] [clean] REMOVED /Users/mahir/Library/Caches/Plex (60KB)
[2026-02-07 11:32:03] [clean] REMOVED /Users/mahir/Library/Caches/Google (2.03GB)
[2026-02-07 11:32:03] [clean] REMOVED /Users/mahir/Library/Caches/Animoji (1.2MB)
[2026-02-07 11:32:03] [clean] REMOVED /Users/mahir/Library/Caches/GameKit (68KB)
[2026-02-07 11:32:03] [clean] REMOVED /Users/mahir/Library/Caches/Mozilla
[2026-02-07 11:32:03] [clean] REMOVED /Users/mahir/Library/Caches/PassKit (8KB)
[2026-02-07 11:32:03] [clean] REMOVED /Users/mahir/Library/Caches/segment
[2026-02-07 11:32:03] [clean] REMOVED /Users/mahir/Library/Caches/Homebrew (488.4MB)
[2026-02-07 11:32:03] [clean] REMOVED /Users/mahir/Library/Caches/next-swc (40.5MB)
[2026-02-07 11:32:04] [clean] REMOVED /Users/mahir/Library/Caches/node-gyp (117.2MB)
[2026-02-07 11:32:04] [clean] REMOVED /Users/mahir/Library/Caches/io.sentry (60KB)
[2026-02-07 11:32:04] [clean] REMOVED /Users/mahir/Library/Caches/Softdeluxe (2.8MB)
[2026-02-07 11:32:04] [clean] REMOVED /Users/mahir/Library/Caches/hugo_cache (729.7MB)
[2026-02-07 11:32:05] [clean] REMOVED /Users/mahir/Library/Caches/typescript (110.8MB)
[2026-02-07 11:32:05] [clean] REMOVED /Users/mahir/Library/Caches/GeoServices (55.1MB)
[2026-02-07 11:32:05] [clean] REMOVED /Users/mahir/Library/Caches/SentryCrash (24KB)
[2026-02-07 11:32:05] [clean] REMOVED /Users/mahir/Library/Caches/FamilyCircle (4KB)
[2026-02-07 11:32:05] [clean] REMOVED /Users/mahir/Library/Caches/INSTALLATION (4KB)
[2026-02-07 11:32:05] [clean] REMOVED /Users/mahir/Library/Caches/JetPackCache (348KB)
[2026-02-07 11:32:05] [clean] REMOVED /Users/mahir/Library/Caches/MiniLauncher (80KB)
[2026-02-07 11:32:05] [clean] REMOVED /Users/mahir/Library/Caches/BraveSoftware (139.8MB)
[2026-02-07 11:32:05] [clean] REMOVED /Users/mahir/Library/Caches/ChatGPTHelper
[2026-02-07 11:32:05] [clean] REMOVED /Users/mahir/Library/Caches/com.datadoghq
[2026-02-07 11:32:05] [clean] REMOVED /Users/mahir/Library/Caches/familycircled (2.0MB)
[2026-02-07 11:32:05] [clean] REMOVED /Users/mahir/Library/Caches/prisma-nodejs (4KB)
[2026-02-07 11:32:05] [clean] REMOVED /Users/mahir/Library/Caches/Docker Desktop (8KB)
[2026-02-07 11:32:05] [clean] REMOVED /Users/mahir/Library/Caches/askpermissiond (308KB)
[2026-02-07 11:32:05] [clean] REMOVED /Users/mahir/Library/Caches/com.figma.agent (660KB)
[2026-02-07 11:32:05] [clean] REMOVED /Users/mahir/Library/Caches/icloudmailagent (6.2MB)
[2026-02-07 11:32:05] [clean] REMOVED /Users/mahir/Library/Caches/legcord-updater (418.1MB)
[2026-02-07 11:32:05] [clean] REMOVED /Users/mahir/Library/Caches/crashpad-handler (80KB)
[2026-02-07 11:32:05] [clean] REMOVED /Users/mahir/Library/Caches/org.videolan.vlc
[2026-02-07 11:32:06] [clean] REMOVED /Users/mahir/Library/Caches/polypane-updater (403.4MB)
[2026-02-07 11:32:06] [clean] REMOVED /Users/mahir/Library/Caches/checkpoint-nodejs (88KB)
[2026-02-07 11:32:06] [clean] REMOVED /Users/mahir/Library/Caches/com.brave.Browser (80KB)
[2026-02-07 11:32:06] [clean] REMOVED /Users/mahir/Library/Caches/com.figma.Desktop (124KB)
[2026-02-07 11:32:06] [clean] REMOVED /Users/mahir/Library/Caches/com.raycast.macos (18.4MB)
[2026-02-07 11:32:06] [clean] REMOVED /Users/mahir/Library/Caches/Parallels Software (636KB)
[2026-02-07 11:32:06] [clean] REMOVED /Users/mahir/Library/Caches/com.spotify.client (2.7MB)
[2026-02-07 11:32:06] [clean] REMOVED /Users/mahir/Library/Caches/com.twingate.macos (468KB)
[2026-02-07 11:32:06] [clean] REMOVED /Users/mahir/Library/Caches/update-informer-rs (4KB)
[2026-02-07 11:32:06] [clean] REMOVED /Users/mahir/Library/Caches/AMSDataMigratorTool
[2026-02-07 11:32:06] [clean] REMOVED /Users/mahir/Library/Caches/app.legcord.Legcord (80KB)
[2026-02-07 11:32:06] [clean] REMOVED /Users/mahir/Library/Caches/com.postmanlabs.mac (80KB)
[2026-02-07 11:32:06] [clean] REMOVED /Users/mahir/Library/Caches/org.erb.NewtonAthena (80KB)
[2026-02-07 11:32:06] [clean] REMOVED /Users/mahir/Library/Caches/Jellyfin Media Player (232KB)
[2026-02-07 11:32:06] [clean] REMOVED /Users/mahir/Library/Caches/com.skylum.luminarneo (162.3MB)
[2026-02-07 11:32:06] [clean] REMOVED /Users/mahir/Library/Caches/com.google.antigravity (124KB)
[2026-02-07 11:32:06] [clean] REMOVED /Users/mahir/Library/Caches/qt-installer-framework (4KB)
[2026-02-07 11:32:06] [clean] REMOVED /Users/mahir/Library/Caches/chrome_crashpad_handler (80KB)
[2026-02-07 11:32:06] [clean] REMOVED /Users/mahir/Library/Caches/io.branch.network.cache (500KB)
[2026-02-07 11:32:06] [clean] REMOVED /Users/mahir/Library/Caches/org.wireshark.Wireshark (84KB)
[2026-02-07 11:32:06] [clean] REMOVED /Users/mahir/Library/Caches/com.figma.Desktop.ShipIt (8KB)
[2026-02-07 11:32:06] [clean] REMOVED /Users/mahir/Library/Caches/com.google.GoogleUpdater (3.0MB)
[2026-02-07 11:32:06] [clean] REMOVED /Users/mahir/Library/Caches/RemoteConfiguration.plist (8KB)
[2026-02-07 11:32:06] [clean] REMOVED /Users/mahir/Library/Caches/com.codeweavers.CrossOver (436.7MB)
[2026-02-07 11:32:06] [clean] REMOVED /Users/mahir/Library/Caches/com.tinyspeck.slackmacgap (596KB)
[2026-02-07 11:32:06] [clean] REMOVED /Users/mahir/Library/Caches/app.legcord.Legcord.ShipIt (8KB)
[2026-02-07 11:32:06] [clean] REMOVED /Users/mahir/Library/Caches/com.hackemist.SDImageCache (156KB)
[2026-02-07 11:32:06] [clean] REMOVED /Users/mahir/Library/Caches/com.objective-see.lulu.app (284KB)
[2026-02-07 11:32:06] [clean] REMOVED /Users/mahir/Library/Caches/com.postmanlabs.mac.ShipIt (20KB)
[2026-02-07 11:32:06] [clean] REMOVED /Users/mahir/Library/Caches/company.thebrowser.Browser (866.2MB)
[2026-02-07 11:32:06] [clean] REMOVED /Users/mahir/Library/Caches/org.erb.NewtonAthena.ShipIt (8KB)
[2026-02-07 11:32:06] [clean] REMOVED /Users/mahir/Library/Caches/com.firstversionist.polypane (80KB)
[2026-02-07 11:32:06] [clean] REMOVED /Users/mahir/Library/Caches/com.google.antigravity.ShipIt (8KB)
[2026-02-07 11:32:06] [clean] REMOVED /Users/mahir/Library/Caches/org.prismlauncher.PrismLauncher
[2026-02-07 11:32:06] [clean] REMOVED /Users/mahir/Library/Caches/pro.betterdisplay.BetterDisplay (68.0MB)
[2026-02-07 11:32:06] [clean] REMOVED /Users/mahir/Library/Caches/com.tinyspeck.slackmacgap.ShipIt (16KB)
[2026-02-07 11:32:06] [clean] REMOVED /Users/mahir/Library/Caches/newton-school-mac-book-app-updater (106.0MB)
[2026-02-07 11:32:06] [clean] REMOVED /Users/mahir/Library/Caches/com.firstversionist.polypane.ShipIt (8KB)
[2026-02-07 11:32:06] [clean] REMOVED /Users/mahir/Library/Caches/com.onevcat.Kingfisher.ImageCache.default
[2026-02-07 11:32:06] [clean] REMOVED /Users/mahir/Library/Caches/AAProfilePicture_307FC68F-3FB5-49D6-83DD-D93E55C03646.png (68KB)
[2026-02-07 11:32:07] [clean] SKIPPED /Users/mahir/Library/Logs/JetBrains (protected)
[2026-02-07 11:32:07] [clean] SKIPPED /Users/mahir/Library/Logs/com.apple.AMPLibraryAgent (protected)
[2026-02-07 11:32:07] [clean] SKIPPED /Users/mahir/Library/Logs/com.apple.CloudTelemetry (protected)
[2026-02-07 11:32:07] [clean] REMOVED /Users/mahir/Library/Logs/NGL (3.5MB)
[2026-02-07 11:32:07] [clean] REMOVED /Users/mahir/Library/Logs/vnc (8KB)
[2026-02-07 11:32:07] [clean] REMOVED /Users/mahir/Library/Logs/Plex (380KB)
[2026-02-07 11:32:07] [clean] REMOVED /Users/mahir/Library/Logs/Adobe (2.2MB)
[2026-02-07 11:32:07] [clean] REMOVED /Users/mahir/Library/Logs/Canva (252KB)
[2026-02-07 11:32:07] [clean] REMOVED /Users/mahir/Library/Logs/Google
[2026-02-07 11:32:07] [clean] REMOVED /Users/mahir/Library/Logs/Notion (28KB)
[2026-02-07 11:32:07] [clean] REMOVED /Users/mahir/Library/Logs/VMware
[2026-02-07 11:32:07] [clean] REMOVED /Users/mahir/Library/Logs/feishin (4KB)
[2026-02-07 11:32:07] [clean] REMOVED /Users/mahir/Library/Logs/zoom.us (9.7MB)
[2026-02-07 11:32:07] [clean] REMOVED /Users/mahir/Library/Logs/Baseband
[2026-02-07 11:32:07] [clean] REMOVED /Users/mahir/Library/Logs/Homebrew
[2026-02-07 11:32:07] [clean] REMOVED /Users/mahir/Library/Logs/Polypane (8KB)
[2026-02-07 11:32:07] [clean] REMOVED /Users/mahir/Library/Logs/RustDesk (56KB)
[2026-02-07 11:32:07] [clean] REMOVED /Users/mahir/Library/Logs/heimdall (1.0MB)
[2026-02-07 11:32:07] [clean] REMOVED /Users/mahir/Library/Logs/Assistant
[2026-02-07 11:32:07] [clean] REMOVED /Users/mahir/Library/Logs/MTPViewer (176KB)
[2026-02-07 11:32:07] [clean] REMOVED /Users/mahir/Library/Logs/Parallels
[2026-02-07 11:32:07] [clean] REMOVED /Users/mahir/Library/Logs/ZoomPhone
[2026-02-07 11:32:08] [clean] REMOVED /Users/mahir/Library/Logs/Cloudflare (3.2MB)
[2026-02-07 11:32:08] [clean] REMOVED /Users/mahir/Library/Logs/Luminar Neo (52KB)
[2026-02-07 11:32:08] [clean] REMOVED /Users/mahir/Library/Logs/tankionline (136KB)
[2026-02-07 11:32:08] [clean] REMOVED /Users/mahir/Library/Logs/MacDroid.log (1016KB)
[2026-02-07 11:32:08] [clean] REMOVED /Users/mahir/Library/Logs/fsck_hfs.log (16KB)
[2026-02-07 11:32:08] [clean] REMOVED /Users/mahir/Library/Logs/CrashReporter (4KB)
[2026-02-07 11:32:08] [clean] REMOVED /Users/mahir/Library/Logs/CreativeCloud (6.0MB)
[2026-02-07 11:32:08] [clean] REMOVED /Users/mahir/Library/Logs/parallels.log (72KB)
[2026-02-07 11:32:08] [clean] REMOVED /Users/mahir/Library/Logs/SiriTTSService
[2026-02-07 11:32:08] [clean] REMOVED /Users/mahir/Library/Logs/acroNGLLog.txt (28KB)
[2026-02-07 11:32:08] [clean] REMOVED /Users/mahir/Library/Logs/DiagnosticReports (116KB)
[2026-02-07 11:32:08] [clean] REMOVED /Users/mahir/Library/Logs/DiscRecording.log (4KB)
[2026-02-07 11:32:08] [clean] REMOVED /Users/mahir/Library/Logs/ElmediaPlayer.log
[2026-02-07 11:32:08] [clean] REMOVED /Users/mahir/Library/Logs/hostFileClean.log (4KB)
[2026-02-07 11:32:08] [clean] REMOVED /Users/mahir/Library/Logs/PhotosSearch.aapbz (12KB)
[2026-02-07 11:32:08] [clean] REMOVED /Users/mahir/Library/Logs/CoreSyncInstall.log (28KB)
[2026-02-07 11:32:08] [clean] REMOVED /Users/mahir/Library/Logs/PhotosUpgrade.aapbz (40KB)
[2026-02-07 11:32:08] [clean] REMOVED /Users/mahir/Library/Logs/Jellyfin Media Player (708KB)
[2026-02-07 11:32:08] [clean] REMOVED /Users/mahir/Library/Logs/newton-school-mac-book-app (700KB)
[2026-02-07 11:32:08] [clean] REMOVED /Users/mahir/Library/Logs/VMware Graphics Service.log (4KB)
[2026-02-07 11:32:08] [clean] REMOVED /Users/mahir/Library/Logs/PrivacyPreservingMeasurement
[2026-02-07 11:32:08] [clean] REMOVED /Users/mahir/Library/Logs/DiagnosticReportsForNewHardware
[2026-02-07 11:32:08] [clean] REMOVED /Users/mahir/Library/Logs/Adobe Creative Cloud Cleaner Tool.log (72KB)
[2026-02-07 11:34:08] [clean] REMOVED /Users/mahir/Library/Saved Application State/notion.id.savedState (16KB)
[2026-02-07 11:34:08] [clean] REMOVED /Users/mahir/Library/Saved Application State/com.apperaser.app.savedState (16KB)
[2026-02-07 11:34:08] [clean] REMOVED /Users/mahir/Library/Saved Application State/TIDAL-Downloader-NG.savedState (8KB)
[2026-02-07 11:34:08] [clean] REMOVED /Users/mahir/Library/Saved Application State/com.adobe.Photoshop.savedState (8KB)
[2026-02-07 11:34:08] [clean] REMOVED /Users/mahir/Library/Saved Application State/org.m0k.transmission.savedState (12KB)
[2026-02-07 11:34:08] [clean] REMOVED /Users/mahir/Library/Saved Application State/com.adobe.Acrobat.Pro.savedState (16KB)
[2026-02-07 11:34:08] [clean] REMOVED /Users/mahir/Library/Saved Application State/io.ganeshrvel.openmtp.savedState (12KB)
[2026-02-07 11:34:08] [clean] REMOVED /Users/mahir/Library/Saved Application State/org.torproject.torbrowser.savedState (12KB)
[2026-02-07 11:34:08] [clean] REMOVED /Users/mahir/Library/Saved Application State/org.qbittorrent.qBittorrent.savedState (12KB)
[2026-02-07 11:34:08] [clean] REMOVED /Users/mahir/Library/Saved Application State/com.netacad.PacketTracer8.2.2.savedState (8KB)
[2026-02-07 11:34:08] [clean] REMOVED /Users/mahir/Library/Saved Application State/edu.mit.scratch.scratch-desktop.savedState (16KB)
[2026-02-07 11:34:08] [clean] REMOVED /Users/mahir/Library/Saved Application State/org.whispersystems.signal-desktop.savedState (20KB)
[2026-02-07 11:34:08] [clean] REMOVED /Users/mahir/Library/Saved Application State/com.blackmagic-design.DaVinciResolve.savedState (8KB)
[2026-02-07 11:34:09] [clean] SKIPPED /Users/mahir/Library/Caches/com.apple.photoanalysisd (protected)
[2026-02-07 11:34:09] [clean] SKIPPED /Users/mahir/Library/Caches/com.apple.akd (protected)
[2026-02-07 11:34:09] [clean] SKIPPED /Users/mahir/Library/Caches/com.apple.QuickLook.thumbnailcache (protected)
[2026-02-07 11:34:09] [clean] SKIPPED /Users/mahir/Library/Caches/com.apple.iconservices* (protected)
[2026-02-07 11:34:09] [clean] REMOVED /Users/mahir/Library/Suggestions/Metrics
[2026-02-07 11:34:09] [clean] REMOVED /Users/mahir/Library/Suggestions/journals
[2026-02-07 11:34:09] [clean] REMOVED /Users/mahir/Library/Suggestions/Harvesting (1.3MB)
[2026-02-07 11:34:09] [clean] REMOVED /Users/mahir/Library/Suggestions/entities.db (3.9MB)
[2026-02-07 11:34:09] [clean] REMOVED /Users/mahir/Library/Suggestions/snippets.db (116KB)
[2026-02-07 11:34:09] [clean] REMOVED /Users/mahir/Library/Suggestions/training.db (8KB)
[2026-02-07 11:34:09] [clean] REMOVED /Users/mahir/Library/Suggestions/entities.db-shm (32KB)
[2026-02-07 11:34:09] [clean] REMOVED /Users/mahir/Library/Suggestions/entities.db-wal (5.0MB)
[2026-02-07 11:34:09] [clean] REMOVED /Users/mahir/Library/Suggestions/snippets.db-shm (32KB)
[2026-02-07 11:34:09] [clean] REMOVED /Users/mahir/Library/Suggestions/snippets.db-wal (3.0MB)
[2026-02-07 11:34:09] [clean] REMOVED /Users/mahir/Library/Suggestions/training.db-shm (32KB)
[2026-02-07 11:34:09] [clean] REMOVED /Users/mahir/Library/Suggestions/training.db-wal (196KB)
[2026-02-07 11:34:09] [clean] REMOVED /Users/mahir/Library/Suggestions/mifeaturestore.db (52KB)
[2026-02-07 11:34:09] [clean] REMOVED /Users/mahir/Library/Suggestions/email-to-name.kvcache (4KB)
[2026-02-07 11:34:09] [clean] REMOVED /Users/mahir/Library/Suggestions/phone-to-name.kvcache (4KB)
[2026-02-07 11:34:09] [clean] REMOVED /Users/mahir/Library/Suggestions/privacyAwareLogging.ser (8KB)
[2026-02-07 11:34:09] [clean] REMOVED /Users/mahir/Library/Suggestions/suggestions-device-day-group (4KB)
[2026-02-07 11:34:09] [clean] REMOVED /Users/mahir/Library/Suggestions/significant-pseudo-contacts.bf.bf2-head (52KB)
[2026-02-07 11:34:09] [clean] REMOVED /Users/mahir/Library/Suggestions/significant-pseudo-contacts.bf.bf2-tail
[2026-02-07 11:34:09] [clean] SKIPPED /Users/mahir/Library/Preferences/com.apple.recentitems.plist (protected)
[2026-02-07 11:34:09] [clean] SKIPPED /Users/mahir/Library/Containers/com.apple.wallpaper.agent/Data/Library/Caches/com.apple.wallpaper.caches (protected)
[2026-02-07 11:34:09] [clean] SKIPPED /Users/mahir/Library/Containers/com.apple.mediaanalysisd/Data/Library/Caches/PFSceneGeographyData.index (protected)
[2026-02-07 11:34:09] [clean] SKIPPED /Users/mahir/Library/Containers/com.apple.mediaanalysisd/Data/Library/Caches/PFSceneTaxonomyData.index (protected)
[2026-02-07 11:34:09] [clean] SKIPPED /Users/mahir/Library/Containers/com.apple.mediaanalysisd/Data/Library/Caches/com.apple.HomeKit (protected)
[2026-02-07 11:34:09] [clean] SKIPPED /Users/mahir/Library/Containers/com.apple.mediaanalysisd/Data/Library/Caches/com.apple.mediaanalysisd (protected)
[2026-02-07 11:34:09] [clean] SKIPPED /Users/mahir/Library/Containers/com.apple.AppStore/Data/Library/Caches/GameKit (protected)
[2026-02-07 11:34:09] [clean] SKIPPED /Users/mahir/Library/Containers/com.apple.AppStore/Data/Library/Caches/JetPackCache (protected)
[2026-02-07 11:34:09] [clean] SKIPPED /Users/mahir/Library/Containers/com.apple.AppStore/Data/Library/Caches/com.apple.AppStore (protected)
[2026-02-07 11:34:09] [clean] SKIPPED /Users/mahir/Library/Containers/com.apple.AppStore/Data/Library/Caches/com.apple.AppleMediaServices (protected)
[2026-02-07 11:34:09] [clean] SKIPPED /Users/mahir/Library/Containers/com.apple.AppStore/Data/Library/Caches/com.apple.itunesstored (protected)
[2026-02-07 11:34:13] [clean] REMOVED /Users/mahir/Library/Caches/com.apple.Safari/WebKitCache (4KB)
[2026-02-07 11:34:13] [clean] REMOVED /Users/mahir/Library/Application Support/Google/Chrome/Default/GPUCache/index (260KB)
[2026-02-07 11:34:13] [clean] REMOVED /Users/mahir/Library/Application Support/Google/Chrome/Default/GPUCache/data_0 (44KB)
[2026-02-07 11:34:13] [clean] REMOVED /Users/mahir/Library/Application Support/Google/Chrome/Default/GPUCache/data_1 (264KB)
[2026-02-07 11:34:14] [clean] REMOVED /Users/mahir/Library/Application Support/Google/Chrome/Default/GPUCache/data_2 (1.0MB)
[2026-02-07 11:34:14] [clean] REMOVED /Users/mahir/Library/Application Support/Google/Chrome/Default/GPUCache/data_3 (4.0MB)
[2026-02-07 11:34:14] [clean] REMOVED /Users/mahir/Library/Application Support/Google/Chrome/Default/GPUCache/f_000001 (20KB)
[2026-02-07 11:34:14] [clean] REMOVED /Users/mahir/Library/Application Support/Google/Chrome/Default/GPUCache/f_000002 (20KB)
[2026-02-07 11:34:14] [clean] REMOVED /Users/mahir/Library/Application Support/Google/Chrome/Default/GPUCache/f_000003 (20KB)
[2026-02-07 11:34:14] [clean] REMOVED /Users/mahir/Library/Application Support/Google/Chrome/Default/GPUCache/f_000004 (20KB)
[2026-02-07 11:34:14] [clean] REMOVED /Users/mahir/Library/Application Support/Google/Chrome/Default/GPUCache/f_000005 (24KB)
[2026-02-07 11:34:14] [clean] REMOVED /Users/mahir/Library/Application Support/Google/Chrome/Guest Profile/GPUCache/index (260KB)
[2026-02-07 11:34:14] [clean] REMOVED /Users/mahir/Library/Application Support/Google/Chrome/Guest Profile/GPUCache/data_0 (8KB)
[2026-02-07 11:34:14] [clean] REMOVED /Users/mahir/Library/Application Support/Google/Chrome/Guest Profile/GPUCache/data_1 (264KB)
[2026-02-07 11:34:14] [clean] REMOVED /Users/mahir/Library/Application Support/Google/Chrome/Guest Profile/GPUCache/data_2 (8KB)
[2026-02-07 11:34:14] [clean] REMOVED /Users/mahir/Library/Application Support/Google/Chrome/Guest Profile/GPUCache/data_3 (8KB)
[2026-02-07 11:34:14] [clean] REMOVED /Applications/Google Chrome.app/Contents/Frameworks/Google Chrome Framework.framework/Versions/144.0.7559.110 (636.3MB)
[2026-02-07 11:34:14] [clean] REMOVED /Applications/Google Chrome.app/Contents/Frameworks/Google Chrome Framework.framework/Versions/144.0.7559.97 (636.0MB)
[2026-02-07 11:34:14] [clean] SKIPPED /Users/mahir/Library/Caches/com.dropbox.* (protected)
[2026-02-07 11:34:14] [clean] SKIPPED /Users/mahir/Library/Caches/com.getdropbox.dropbox (protected)
[2026-02-07 11:34:14] [clean] SKIPPED /Users/mahir/Library/Caches/com.google.GoogleDrive (protected)
[2026-02-07 11:34:14] [clean] SKIPPED /Users/mahir/Library/Caches/com.box.desktop (protected)
[2026-02-07 11:34:14] [clean] SKIPPED /Users/mahir/Library/Caches/com.microsoft.OneDrive (protected)
[2026-02-07 11:34:14] [clean] SKIPPED /Users/mahir/Library/Caches/com.microsoft.Word (protected)
[2026-02-07 11:34:14] [clean] SKIPPED /Users/mahir/Library/Caches/com.microsoft.Excel (protected)
[2026-02-07 11:34:14] [clean] SKIPPED /Users/mahir/Library/Caches/com.microsoft.Powerpoint (protected)
[2026-02-07 11:34:14] [clean] SKIPPED /Users/mahir/Library/Caches/com.apple.iWork.* (protected)
[2026-02-07 11:34:19] [clean] SKIPPED /Users/mahir/.cache/huggingface/hub (whitelist)
[2026-02-07 11:34:19] [clean] REMOVED /Users/mahir/.oh-my-zsh/cache/brew_casks (120KB)
[2026-02-07 11:34:19] [clean] REMOVED /Users/mahir/.oh-my-zsh/cache/grep-alias (4KB)
[2026-02-07 11:34:19] [clean] REMOVED /Users/mahir/.oh-my-zsh/cache/completions
[2026-02-07 11:34:19] [clean] REMOVED /Users/mahir/.oh-my-zsh/cache/brew_formulae (84KB)
[2026-02-07 11:34:19] [clean] REMOVED /Users/mahir/.oh-my-zsh/cache/brew_all_commands (4KB)
[2026-02-07 11:34:20] [clean] REMOVED /Users/mahir/.gradle/caches/8.9 (391.3MB)
[2026-02-07 11:34:20] [clean] REMOVED /Users/mahir/.gradle/caches/jars-9 (3.4MB)
[2026-02-07 11:34:20] [clean] REMOVED /Users/mahir/.gradle/caches/journal-1 (104KB)
[2026-02-07 11:34:20] [clean] REMOVED /Users/mahir/.gradle/caches/modules-2 (99.2MB)
[2026-02-07 11:34:20] [clean] REMOVED /Users/mahir/.gradle/caches/CACHEDIR.TAG (4KB)
[2026-02-07 11:34:20] [clean] REMOVED /Users/mahir/.gradle/daemon/8.9 (1.3MB)
[2026-02-07 11:34:20] [clean] REMOVED /Users/mahir/.gradle/daemon/CACHEDIR.TAG (4KB)
[2026-02-07 11:34:20] [clean] REMOVED /Users/mahir/Library/Application Support/Antigravity/Cache/Cache_Data (24KB)
[2026-02-07 11:34:21] [clean] REMOVED /Users/mahir/Library/Application Support/Antigravity/Code Cache/js (8KB)
[2026-02-07 11:34:21] [clean] REMOVED /Users/mahir/Library/Application Support/Antigravity/Code Cache/wasm (8KB)
[2026-02-07 11:34:21] [clean] REMOVED /Users/mahir/Library/Application Support/Antigravity/GPUCache/index (260KB)
[2026-02-07 11:34:21] [clean] REMOVED /Users/mahir/Library/Application Support/Antigravity/GPUCache/data_0 (44KB)
[2026-02-07 11:34:21] [clean] REMOVED /Users/mahir/Library/Application Support/Antigravity/GPUCache/data_1 (264KB)
[2026-02-07 11:34:21] [clean] REMOVED /Users/mahir/Library/Application Support/Antigravity/GPUCache/data_2 (1.0MB)
[2026-02-07 11:34:21] [clean] REMOVED /Users/mahir/Library/Application Support/Antigravity/GPUCache/data_3 (4.0MB)
[2026-02-07 11:34:21] [clean] REMOVED /Users/mahir/Library/Application Support/Antigravity/DawnGraphiteCache/index (260KB)
[2026-02-07 11:34:21] [clean] REMOVED /Users/mahir/Library/Application Support/Antigravity/DawnGraphiteCache/data_0 (8KB)
[2026-02-07 11:34:21] [clean] REMOVED /Users/mahir/Library/Application Support/Antigravity/DawnGraphiteCache/data_1 (264KB)
[2026-02-07 11:34:21] [clean] REMOVED /Users/mahir/Library/Application Support/Antigravity/DawnGraphiteCache/data_2 (8KB)
[2026-02-07 11:34:21] [clean] REMOVED /Users/mahir/Library/Application Support/Antigravity/DawnGraphiteCache/data_3 (8KB)
[2026-02-07 11:34:21] [clean] REMOVED /Users/mahir/Library/Application Support/Antigravity/DawnWebGPUCache/index (260KB)
[2026-02-07 11:34:21] [clean] REMOVED /Users/mahir/Library/Application Support/Antigravity/DawnWebGPUCache/data_0 (8KB)
[2026-02-07 11:34:21] [clean] REMOVED /Users/mahir/Library/Application Support/Antigravity/DawnWebGPUCache/data_1 (264KB)
[2026-02-07 11:34:21] [clean] REMOVED /Users/mahir/Library/Application Support/Antigravity/DawnWebGPUCache/data_2 (8KB)
[2026-02-07 11:34:21] [clean] REMOVED /Users/mahir/Library/Application Support/Antigravity/DawnWebGPUCache/data_3 (8KB)
[2026-02-07 11:34:21] [clean] REMOVED /Users/mahir/Library/Application Support/Code/CachedData/1e3c50d64110be466c0b4a45222e81d2c9352888 (10.7MB)
[2026-02-07 11:34:21] [clean] REMOVED /Users/mahir/Library/Application Support/Code/CachedData/618725e67565b290ba4da6fe2d29f8fa1d4e3622 (10.4MB)
[2026-02-07 11:34:21] [clean] REMOVED /Users/mahir/Library/Application Support/Code/CachedData/94e8ae2b28cb5cc932b86e1070569c4463565c37 (10.1MB)
[2026-02-07 11:34:21] [clean] REMOVED /Users/mahir/Library/Application Support/Code/CachedData/994fd12f8d3a5aa16f17d42c041e5809167e845a (10.7MB)
[2026-02-07 11:34:21] [clean] REMOVED /Users/mahir/Library/Application Support/Code/CachedData/ac4cbdf48759c7d8c3eb91ffe6bb04316e263c57 (10.7MB)
[2026-02-07 11:34:21] [clean] REMOVED /Users/mahir/Library/Application Support/Code/CachedData/bf9252a2fb45be6893dd8870c0bf37e2e1766d61 (10.6MB)
[2026-02-07 11:34:21] [clean] REMOVED /Users/mahir/Library/Application Support/Code/CachedData/c9d77990917f3102ada88be140d28b038d1dd7c7 (10.7MB)
[2026-02-07 11:34:21] [clean] REMOVED /Users/mahir/Library/Application Support/Code/CachedData/cb1933bbc38d329b3595673a600fab5c7368f0a7 (10.4MB)
[2026-02-07 11:34:22] [clean] REMOVED /Users/mahir/Library/Application Support/Code/DawnGraphiteCache/index (260KB)
[2026-02-07 11:34:22] [clean] REMOVED /Users/mahir/Library/Application Support/Code/DawnGraphiteCache/data_0 (8KB)
[2026-02-07 11:34:22] [clean] REMOVED /Users/mahir/Library/Application Support/Code/DawnGraphiteCache/data_1 (264KB)
[2026-02-07 11:34:22] [clean] REMOVED /Users/mahir/Library/Application Support/Code/DawnGraphiteCache/data_2 (8KB)
[2026-02-07 11:34:22] [clean] REMOVED /Users/mahir/Library/Application Support/Code/DawnGraphiteCache/data_3 (8KB)
[2026-02-07 11:34:22] [clean] REMOVED /Users/mahir/Library/Application Support/Code/DawnWebGPUCache/index (260KB)
[2026-02-07 11:34:22] [clean] REMOVED /Users/mahir/Library/Application Support/Code/DawnWebGPUCache/data_0 (8KB)
[2026-02-07 11:34:22] [clean] REMOVED /Users/mahir/Library/Application Support/Code/DawnWebGPUCache/data_1 (264KB)
[2026-02-07 11:34:22] [clean] REMOVED /Users/mahir/Library/Application Support/Code/DawnWebGPUCache/data_2 (8KB)
[2026-02-07 11:34:22] [clean] REMOVED /Users/mahir/Library/Application Support/Code/DawnWebGPUCache/data_3 (8KB)
[2026-02-07 11:34:22] [clean] REMOVED /Users/mahir/Library/Application Support/Code/GPUCache/index (260KB)
[2026-02-07 11:34:22] [clean] REMOVED /Users/mahir/Library/Application Support/Code/GPUCache/data_0 (44KB)
[2026-02-07 11:34:22] [clean] REMOVED /Users/mahir/Library/Application Support/Code/GPUCache/data_1 (264KB)
[2026-02-07 11:34:22] [clean] REMOVED /Users/mahir/Library/Application Support/Code/GPUCache/data_2 (1.0MB)
[2026-02-07 11:34:22] [clean] REMOVED /Users/mahir/Library/Application Support/Code/GPUCache/data_3 (4.0MB)
[2026-02-07 11:34:23] [clean] REMOVED /Users/mahir/Library/Application Support/Code/CachedExtensionVSIXs/prisma.prisma-31.4.0 (15.4MB)
[2026-02-07 11:34:23] [clean] REMOVED /Users/mahir/Library/Application Support/Code/CachedExtensionVSIXs/eamodio.gitlens-17.9.0 (10.8MB)
[2026-02-07 11:34:23] [clean] REMOVED /Users/mahir/Library/Application Support/Code/CachedExtensionVSIXs/github.copilot-chat-0.36.2 (14.4MB)
[2026-02-07 11:34:23] [clean] REMOVED /Users/mahir/Library/Application Support/Code/CachedExtensionVSIXs/vscjava.vscode-gradle-3.17.2 (37.1MB)
[2026-02-07 11:34:23] [clean] REMOVED /Users/mahir/Library/Application Support/Code/CachedExtensionVSIXs/esbenp.prettier-vscode-12.3.0 (3.4MB)
[2026-02-07 11:34:23] [clean] REMOVED /Users/mahir/Library/Application Support/Code/CachedExtensionVSIXs/ms-vscode.cmake-tools-1.22.26 (6.0MB)
[2026-02-07 11:34:23] [clean] REMOVED /Users/mahir/Library/Application Support/Code/CachedExtensionVSIXs/ms-vscode.cmake-tools-1.22.27 (6.4MB)
[2026-02-07 11:34:23] [clean] REMOVED /Users/mahir/Library/Application Support/Code/CachedExtensionVSIXs/yoavbls.pretty-ts-errors-0.7.0 (2.0MB)
[2026-02-07 11:34:23] [clean] REMOVED /Users/mahir/Library/Application Support/Code/CachedExtensionVSIXs/redhat.java-1.51.0-darwin-arm64 (122.4MB)
[2026-02-07 11:34:23] [clean] REMOVED /Users/mahir/Library/Application Support/Code/CachedExtensionVSIXs/redhat.java-1.52.0-darwin-arm64 (128.5MB)
[2026-02-07 11:34:23] [clean] REMOVED /Users/mahir/Library/Application Support/Code/CachedExtensionVSIXs/vscjava.vscode-java-test-0.44.0 (4.5MB)
[2026-02-07 11:34:23] [clean] REMOVED /Users/mahir/Library/Application Support/Code/CachedExtensionVSIXs/vscjava.vscode-java-debug-0.58.5 (3.3MB)
[2026-02-07 11:34:23] [clean] REMOVED /Users/mahir/Library/Application Support/Code/CachedExtensionVSIXs/ms-python.vscode-pylance-2025.10.4 (20.1MB)
[2026-02-07 11:34:23] [clean] REMOVED /Users/mahir/Library/Application Support/Code/CachedExtensionVSIXs/ms-azuretools.vscode-containers-2.4.0 (1.2MB)
[2026-02-07 11:34:23] [clean] REMOVED /Users/mahir/Library/Application Support/Code/CachedExtensionVSIXs/ms-azuretools.vscode-containers-2.4.1 (1.2MB)
[2026-02-07 11:34:23] [clean] REMOVED /Users/mahir/Library/Application Support/Code/CachedExtensionVSIXs/vscjava.vscode-java-dependency-0.27.0 (384KB)
[2026-02-07 11:34:23] [clean] REMOVED /Users/mahir/Library/Application Support/Code/CachedExtensionVSIXs/ms-python.python-2026.0.0-darwin-arm64 (8.5MB)
[2026-02-07 11:34:23] [clean] REMOVED /Users/mahir/Library/Application Support/Code/CachedExtensionVSIXs/ms-vscode.cpptools-1.29.3-darwin-arm64 (77.3MB)
[2026-02-07 11:34:23] [clean] REMOVED /Users/mahir/Library/Application Support/Code/CachedExtensionVSIXs/ms-vscode.cpptools-1.30.4-darwin-arm64 (80.8MB)
[2026-02-07 11:34:23] [clean] REMOVED /Users/mahir/Library/Application Support/Code/CachedExtensionVSIXs/ms-python.debugpy-2025.18.0-darwin-arm64 (4.7MB)
[2026-02-07 11:34:23] [clean] REMOVED /Users/mahir/Library/Application Support/Code/CachedExtensionVSIXs/github.vscode-pull-request-github-0.126.0 (2.0MB)
[2026-02-07 11:34:23] [clean] REMOVED /Users/mahir/Library/Application Support/Code/CachedExtensionVSIXs/github.vscode-pull-request-github-0.128.0 (1.9MB)
[2026-02-07 11:34:23] [clean] REMOVED /Users/mahir/Library/Application Support/Code/CachedExtensionVSIXs/ms-vscode-remote.remote-containers-0.437.0 (2.1MB)
[2026-02-07 11:34:23] [clean] REMOVED /Users/mahir/Library/Application Support/Code/CachedExtensionVSIXs/ms-vscode-remote.remote-containers-0.442.0 (2.1MB)
[2026-02-07 11:34:23] [clean] REMOVED /Users/mahir/Library/Application Support/Code/CachedExtensionVSIXs/ms-vscode.vscode-typescript-next-6.0.20260128 (4.3MB)
[2026-02-07 11:34:23] [clean] REMOVED /Users/mahir/Library/Application Support/Code/CachedExtensionVSIXs/ms-vscode.vscode-typescript-next-6.0.20260206 (4.4MB)
[2026-02-07 11:34:23] [clean] REMOVED /Users/mahir/Library/Application Support/Code/CachedExtensionVSIXs/ms-python.vscode-python-envs-1.16.0-darwin-arm64 (3.1MB)
[2026-02-07 11:34:23] [clean] REMOVED /opt/homebrew/var/homebrew/locks/update
[2026-02-07 11:34:23] [clean] REMOVED /opt/homebrew/var/homebrew/locks/go.formula.lock
[2026-02-07 11:34:30] [clean] REMOVED /Users/mahir/Library/Application Support/Code/logs/20251217T125222 (4KB)
[2026-02-07 11:34:30] [clean] REMOVED /Users/mahir/Library/Application Support/Code/logs/20251217T142828 (16KB)
[2026-02-07 11:34:30] [clean] REMOVED /Users/mahir/Library/Application Support/Code/logs/20251222T231915 (96KB)
[2026-02-07 11:34:30] [clean] REMOVED /Users/mahir/Library/Application Support/Code/logs/20260103T150301 (84KB)
[2026-02-07 11:34:30] [clean] REMOVED /Users/mahir/Library/Application Support/Code/logs/20260105T125159 (140KB)
[2026-02-07 11:34:30] [clean] REMOVED /Users/mahir/Library/Application Support/Code/logs/20260108T091022 (196KB)
[2026-02-07 11:34:30] [clean] REMOVED /Users/mahir/Library/Application Support/Code/logs/20260112T111900 (3.9MB)
[2026-02-07 11:34:30] [clean] REMOVED /Users/mahir/Library/Application Support/Code/logs/20260128T092025 (100KB)
[2026-02-07 11:34:30] [clean] REMOVED /Users/mahir/Library/Application Support/Code/logs/20260129T204537 (88KB)
[2026-02-07 11:34:30] [clean] REMOVED /Users/mahir/Library/Application Support/Code/logs/20260207T105523 (208KB)
[2026-02-07 11:34:30] [clean] REMOVED /Users/mahir/Library/Application Support/Code/logs/20260207T111910
[2026-02-07 11:34:31] [clean] REMOVED /Users/mahir/Library/Application Support/Code/Cache/Cache_Data (335.9MB)
[2026-02-07 11:34:31] [clean] REMOVED /Users/mahir/Library/Application Support/Code/Cache/No_Vary_Search (8KB)
[2026-02-07 11:34:32] [clean] REMOVED /Users/mahir/Library/Application Support/discord/Cache/Cache_Data (892.1MB)
[2026-02-07 11:34:33] [clean] REMOVED /Users/mahir/Library/Application Support/legcord/Cache/Cache_Data (207.8MB)
[2026-02-07 11:34:33] [clean] REMOVED /Users/mahir/Library/Application Support/legcord/Cache/No_Vary_Search (8KB)
[2026-02-07 11:34:38] [clean] REMOVED /Users/mahir/Library/Application Support/Slack/Cache/Cache_Data (1.21GB)
[2026-02-07 11:34:38] [clean] REMOVED /Users/mahir/Library/Application Support/Slack/Cache/No_Vary_Search (8KB)
[2026-02-07 11:34:38] [clean] SKIPPED /Users/mahir/Library/Caches/com.apple.Music (protected)
[2026-02-07 11:34:38] [clean] SKIPPED /Users/mahir/Library/Caches/com.apple.podcasts (protected)
[2026-02-07 11:34:38] [clean] SKIPPED /Users/mahir/Library/Containers/com.apple.podcasts/Data/tmp/StreamedMedia (protected)
[2026-02-07 11:34:38] [clean] SKIPPED /Users/mahir/Library/Containers/com.apple.podcasts/Data/tmp/*.heic (protected)
[2026-02-07 11:34:38] [clean] SKIPPED /Users/mahir/Library/Containers/com.apple.podcasts/Data/tmp/*.img (protected)
[2026-02-07 11:34:38] [clean] SKIPPED /Users/mahir/Library/Containers/com.apple.podcasts/Data/tmp/*CFNetworkDownload*.tmp (protected)
[2026-02-07 11:34:39] [clean] REMOVED /Users/mahir/.zcompdump-Black Box-5.9 (52KB)
[2026-02-07 11:34:39] [clean] REMOVED /Users/mahir/.zcompdump-Black-Box-5.9 (52KB)
[2026-02-07 11:34:39] [clean] REMOVED /Users/mahir/.zcompdump-MacBook Pro-5.9 (52KB)
[2026-02-07 11:34:39] [clean] REMOVED /Users/mahir/.zcompdump-Black Box-5.9.zwc (116KB)
[2026-02-07 11:34:39] [clean] REMOVED /Users/mahir/.zcompdump-Black-Box-5.9.zwc (116KB)
[2026-02-07 11:34:39] [clean] REMOVED /Users/mahir/.zcompdump-MacBook Pro-5.9.zwc (116KB)
[2026-02-07 11:34:39] [clean] REMOVED /Users/mahir/.zcompdump-Mahir's MacBook Pro-5.9 (52KB)
[2026-02-07 11:34:39] [clean] REMOVED /Users/mahir/.zcompdump-Mahir's MacBook Pro-5.9.zwc (116KB)
[2026-02-07 11:34:39] [clean] REMOVED /Users/mahir/.lesshst (4KB)
[2026-02-07 11:35:04] [clean] REMOVED /var/folders/mt/k_w3660d7_730qr65szll8sr0000gp/T/tmp.HJFVGSBzB3 (20KB)
[2026-02-07 11:35:06] [clean] REMOVED /Users/mahir/Library/WebKit/com.adobe.Photoshop (520KB)
[2026-02-07 11:35:09] [clean] REMOVED /Users/mahir/Library/WebKit/com.apphousekitchen.aldente-pro (696KB)
[2026-02-07 11:35:11] [clean] REMOVED /Users/mahir/Library/WebKit/com.oracle.java.Java-Updater (696KB)
[2026-02-07 11:35:13] [clean] REMOVED /Users/mahir/Library/WebKit/com.pieces.os (180.2MB)
[2026-02-07 11:35:15] [clean] REMOVED /Users/mahir/Library/WebKit/com.skylum.luminarneo (856KB)
[2026-02-07 11:35:17] [clean] REMOVED /Users/mahir/Library/HTTPStorages/com.Eltima.ElmediaPlayer (56KB)
[2026-02-07 11:35:20] [clean] REMOVED /Users/mahir/Library/HTTPStorages/com.adobe.Acrobat.Pro (68KB)
[2026-02-07 11:35:22] [clean] REMOVED /Users/mahir/Library/HTTPStorages/com.adobe.AdobeCRDaemon (168KB)
[2026-02-07 11:35:24] [clean] REMOVED /Users/mahir/Library/HTTPStorages/com.adobe.CCXProcess (76KB)
[2026-02-07 11:35:24] [clean] REMOVED /Users/mahir/Library/HTTPStorages/com.adobe.Photoshop (168KB)
[2026-02-07 11:35:24] [clean] REMOVED /Users/mahir/Library/HTTPStorages/com.adobe.Photoshop.binarycookies (4KB)
[2026-02-07 11:35:26] [clean] REMOVED /Users/mahir/Library/HTTPStorages/com.alienator88.Sentinel (56KB)
[2026-02-07 11:35:26] [clean] REMOVED /Users/mahir/Library/HTTPStorages/com.apphousekitchen.aldente-pro (232KB)
[2026-02-07 11:35:26] [clean] REMOVED /Users/mahir/Library/HTTPStorages/com.apphousekitchen.aldente-pro.binarycookies (4KB)
[2026-02-07 11:35:29] [clean] REMOVED /Users/mahir/Library/HTTPStorages/com.brave.Browser (1000KB)
[2026-02-07 11:35:31] [clean] REMOVED /Users/mahir/Library/HTTPStorages/com.canva.CanvaDesktop (64KB)
[2026-02-07 11:35:33] [clean] REMOVED /Users/mahir/Library/HTTPStorages/com.figma.Desktop (80KB)
[2026-02-07 11:35:35] [clean] REMOVED /Users/mahir/Library/HTTPStorages/com.figma.Desktop.dua (64KB)
[2026-02-07 11:35:37] [clean] REMOVED /Users/mahir/Library/HTTPStorages/com.google.antigravity (100KB)
[2026-02-07 11:35:39] [clean] REMOVED /Users/mahir/Library/HTTPStorages/com.hnc.Discord (2.0MB)
[2026-02-07 11:35:40] [clean] REMOVED /Users/mahir/Library/HTTPStorages/com.hnc.Discord.binarycookies (4KB)
[2026-02-07 11:35:42] [clean] REMOVED /Users/mahir/Library/HTTPStorages/com.objective-see.lulu.app (424KB)
[2026-02-07 11:35:44] [clean] REMOVED /Users/mahir/Library/HTTPStorages/com.oracle.java.8u451.java (56KB)
[2026-02-07 11:35:44] [clean] REMOVED /Users/mahir/Library/HTTPStorages/com.oracle.java.Java-Updater (100KB)
[2026-02-07 11:35:44] [clean] REMOVED /Users/mahir/Library/HTTPStorages/com.pieces.os (168KB)
[2026-02-07 11:35:46] [clean] REMOVED /Users/mahir/Library/HTTPStorages/com.pieces.x (92KB)
[2026-02-07 11:35:46] [clean] REMOVED /Users/mahir/Library/HTTPStorages/com.skylum.luminarneo (232KB)
[2026-02-07 11:35:46] [clean] REMOVED /Users/mahir/Library/HTTPStorages/com.skylum.luminarneo.binarycookies (8KB)
[2026-02-07 11:35:49] [clean] REMOVED /Users/mahir/Library/HTTPStorages/com.spotify.installer (72KB)
[2026-02-07 11:35:51] [clean] REMOVED /Users/mahir/Library/HTTPStorages/com.surteesstudios.Bartender (56KB)
[2026-02-07 11:35:53] [clean] REMOVED /Users/mahir/Library/HTTPStorages/org.videolan.vlc (76KB)
[2026-02-07 11:35:55] [clean] REMOVED /Users/mahir/Library/HTTPStorages/io.playcover.PlayCover (64KB)
[2026-02-07 11:35:55] [clean] SKIPPED /Users/mahir/Library/Caches/com.apple.rosetta.update (protected)
[2026-02-07 11:35:55] [clean] SKIPPED /Users/mahir/Library/Caches/com.apple.amp.mediasevicesd (protected)
# ========== clean session ended at 2026-02-07 11:35:57, 343 items, 15.58GB ==========

# ========== optimize session started at 2026-02-07 11:53:58 ==========
[2026-02-07 11:54:06] [optimize] REMOVED /Users/mahir/Library/Preferences/com.adobe.Photoshop.uxp_com.adobe.ccx.start.plist
[2026-02-07 11:54:06] [optimize] REMOVED /Users/mahir/Library/Preferences/com.adobe.Photoshop.uxp_com.adobe.ccx.lrimporter.plist
# ========== optimize session ended at 2026-02-07 11:54:54, 14 items, 0B ==========

# ========== uninstall session started at 2026-02-07 13:20:25 ==========
[2026-02-07 13:22:51] [uninstall] REMOVED /Applications/Python 3.13/IDLE.app (220KB)
[2026-02-07 13:22:52] [uninstall] REMOVED /Applications/Arc.app (802.3MB)
[2026-02-07 13:22:52] [uninstall] REMOVED /Users/mahir/Library/Caches/company.thebrowser.Browser
[2026-02-07 13:22:52] [uninstall] REMOVED /Users/mahir/Library/HTTPStorages/company.thebrowser.Browser (2.0MB)
[2026-02-07 13:22:52] [uninstall] REMOVED /Users/mahir/Library/Preferences/company.thebrowser.Browser.plist (12KB)

# ========== optimize session started at 2026-02-07 13:24:14 ==========
# ========== optimize session ended at 2026-02-07 13:42:46, 14 items, 0B ==========

# ========== clean session started at 2026-02-07 13:49:36 ==========
[2026-02-07 13:49:52] [clean] SKIPPED /Users/mahir/Library/Caches/CloudKit (whitelist)
[2026-02-07 13:49:52] [clean] SKIPPED /Users/mahir/Library/Caches/JetBrains (protected)
[2026-02-07 13:49:52] [clean] SKIPPED /Users/mahir/Library/Caches/ch.protonvpn.mac (protected)
[2026-02-07 13:49:52] [clean] SKIPPED /Users/mahir/Library/Caches/com.apple.AMPLibraryAgent (protected)
[2026-02-07 13:49:52] [clean] SKIPPED /Users/mahir/Library/Caches/com.apple.AppStoreDaemon.StoreUIService (protected)
[2026-02-07 13:49:52] [clean] SKIPPED /Users/mahir/Library/Caches/com.apple.AppleMediaServices (protected)
[2026-02-07 13:49:52] [clean] SKIPPED /Users/mahir/Library/Caches/com.apple.AuthenticationServicesCore.AuthenticationServicesAgent (protected)
[2026-02-07 13:49:52] [clean] SKIPPED /Users/mahir/Library/Caches/com.apple.AvatarKit (protected)
[2026-02-07 13:49:52] [clean] SKIPPED /Users/mahir/Library/Caches/com.apple.CharacterPaletteIM (protected)
[2026-02-07 13:49:52] [clean] SKIPPED /Users/mahir/Library/Caches/com.apple.CloudTelemetry (protected)
[2026-02-07 13:49:52] [clean] SKIPPED /Users/mahir/Library/Caches/com.apple.HomeKit (protected)
[2026-02-07 13:49:52] [clean] SKIPPED /Users/mahir/Library/Caches/com.apple.Music (protected)
[2026-02-07 13:49:52] [clean] SKIPPED /Users/mahir/Library/Caches/com.apple.Safari (protected)
[2026-02-07 13:49:52] [clean] SKIPPED /Users/mahir/Library/Caches/com.apple.SoftwareUpdateNotificationManager (protected)
[2026-02-07 13:49:52] [clean] SKIPPED /Users/mahir/Library/Caches/com.apple.accounts.dom (protected)
[2026-02-07 13:49:52] [clean] SKIPPED /Users/mahir/Library/Caches/com.apple.accountsd (protected)
[2026-02-07 13:49:52] [clean] SKIPPED /Users/mahir/Library/Caches/com.apple.akd (protected)
[2026-02-07 13:49:52] [clean] SKIPPED /Users/mahir/Library/Caches/com.apple.amsaccountsd (protected)
[2026-02-07 13:49:52] [clean] SKIPPED /Users/mahir/Library/Caches/com.apple.amsengagementd (protected)
[2026-02-07 13:49:52] [clean] SKIPPED /Users/mahir/Library/Caches/com.apple.amsondevicestoraged (protected)
[2026-02-07 13:49:52] [clean] SKIPPED /Users/mahir/Library/Caches/com.apple.ap.adprivacyd (protected)
[2026-02-07 13:49:52] [clean] SKIPPED /Users/mahir/Library/Caches/com.apple.appleaccountd (protected)
[2026-02-07 13:49:52] [clean] SKIPPED /Users/mahir/Library/Caches/com.apple.appstore (protected)
[2026-02-07 13:49:52] [clean] SKIPPED /Users/mahir/Library/Caches/com.apple.appstoreagent (protected)
[2026-02-07 13:49:52] [clean] SKIPPED /Users/mahir/Library/Caches/com.apple.appstorecomponentsd (protected)
[2026-02-07 13:49:52] [clean] SKIPPED /Users/mahir/Library/Caches/com.apple.assistantd (protected)
[2026-02-07 13:49:52] [clean] SKIPPED /Users/mahir/Library/Caches/com.apple.betaenrollmentagent (protected)
[2026-02-07 13:49:52] [clean] SKIPPED /Users/mahir/Library/Caches/com.apple.bird (protected)
[2026-02-07 13:49:52] [clean] SKIPPED /Users/mahir/Library/Caches/com.apple.bookassetd (protected)
[2026-02-07 13:49:52] [clean] SKIPPED /Users/mahir/Library/Caches/com.apple.bookdatastored (protected)
[2026-02-07 13:49:52] [clean] SKIPPED /Users/mahir/Library/Caches/com.apple.businessservicesd (protected)
[2026-02-07 13:49:52] [clean] SKIPPED /Users/mahir/Library/Caches/com.apple.cache_delete (protected)
[2026-02-07 13:49:52] [clean] SKIPPED /Users/mahir/Library/Caches/com.apple.chrono (protected)
[2026-02-07 13:49:52] [clean] SKIPPED /Users/mahir/Library/Caches/com.apple.cloudd (protected)
[2026-02-07 13:49:52] [clean] SKIPPED /Users/mahir/Library/Caches/com.apple.commerce (protected)
[2026-02-07 13:49:52] [clean] SKIPPED /Users/mahir/Library/Caches/com.apple.containermanagerd (protected)
[2026-02-07 13:49:52] [clean] SKIPPED /Users/mahir/Library/Caches/com.apple.controlcenter (protected)
[2026-02-07 13:49:52] [clean] SKIPPED /Users/mahir/Library/Caches/com.apple.ctcategories.service (protected)
[2026-02-07 13:49:52] [clean] SKIPPED /Users/mahir/Library/Caches/com.apple.dataaccess.dataaccessd (protected)
[2026-02-07 13:49:52] [clean] SKIPPED /Users/mahir/Library/Caches/com.apple.e5rt.e5bundlecache (protected)
[2026-02-07 13:49:52] [clean] SKIPPED /Users/mahir/Library/Caches/com.apple.feedbacklogger (protected)
[2026-02-07 13:49:52] [clean] SKIPPED /Users/mahir/Library/Caches/com.apple.gamed (protected)
[2026-02-07 13:49:52] [clean] SKIPPED /Users/mahir/Library/Caches/com.apple.geoanalyticsd (protected)
[2026-02-07 13:49:52] [clean] SKIPPED /Users/mahir/Library/Caches/com.apple.helpd (protected)
[2026-02-07 13:49:52] [clean] SKIPPED /Users/mahir/Library/Caches/com.apple.homed (protected)
[2026-02-07 13:49:53] [clean] SKIPPED /Users/mahir/Library/Caches/com.apple.iBooksX (protected)
[2026-02-07 13:49:53] [clean] SKIPPED /Users/mahir/Library/Caches/com.apple.iCloudNotificationAgent (protected)
[2026-02-07 13:49:53] [clean] SKIPPED /Users/mahir/Library/Caches/com.apple.iTunes (protected)
[2026-02-07 13:49:53] [clean] SKIPPED /Users/mahir/Library/Caches/com.apple.iTunesCloud (protected)
[2026-02-07 13:49:53] [clean] SKIPPED /Users/mahir/Library/Caches/com.apple.itunescloudd (protected)
[2026-02-07 13:49:53] [clean] SKIPPED /Users/mahir/Library/Caches/com.apple.naturallanguaged (protected)
[2026-02-07 13:49:53] [clean] SKIPPED /Users/mahir/Library/Caches/com.apple.nbagent (protected)
[2026-02-07 13:49:53] [clean] SKIPPED /Users/mahir/Library/Caches/com.apple.nsservicescache.plist (protected)
[2026-02-07 13:49:53] [clean] SKIPPED /Users/mahir/Library/Caches/com.apple.nsurlsessiond (protected)
[2026-02-07 13:49:53] [clean] SKIPPED /Users/mahir/Library/Caches/com.apple.parsecd (protected)
[2026-02-07 13:49:53] [clean] SKIPPED /Users/mahir/Library/Caches/com.apple.passd (protected)
[2026-02-07 13:49:53] [clean] SKIPPED /Users/mahir/Library/Caches/com.apple.preferencepanes.usercache (protected)
[2026-02-07 13:49:53] [clean] SKIPPED /Users/mahir/Library/Caches/com.apple.proactive.eventtracker (protected)
[2026-02-07 13:49:53] [clean] SKIPPED /Users/mahir/Library/Caches/com.apple.python (protected)
[2026-02-07 13:49:53] [clean] SKIPPED /Users/mahir/Library/Caches/com.apple.remindd (protected)
[2026-02-07 13:49:53] [clean] SKIPPED /Users/mahir/Library/Caches/com.apple.sharekit.-2417890708855011662.png (protected)
[2026-02-07 13:49:53] [clean] SKIPPED /Users/mahir/Library/Caches/com.apple.sharekit.-4733748633353167552.png (protected)
[2026-02-07 13:49:53] [clean] SKIPPED /Users/mahir/Library/Caches/com.apple.sharekit.-4983781140330059684.png (protected)
[2026-02-07 13:49:53] [clean] SKIPPED /Users/mahir/Library/Caches/com.apple.sharekit.-6780277465686202818.png (protected)
[2026-02-07 13:49:53] [clean] SKIPPED /Users/mahir/Library/Caches/com.apple.sharekit.-7779189576589942603.png (protected)
[2026-02-07 13:49:53] [clean] SKIPPED /Users/mahir/Library/Caches/com.apple.sharekit.14153899609806.png (protected)
[2026-02-07 13:49:53] [clean] SKIPPED /Users/mahir/Library/Caches/com.apple.sharekit.26919328759.png (protected)
[2026-02-07 13:49:53] [clean] SKIPPED /Users/mahir/Library/Caches/com.apple.sharekit.3465968951862004152.png (protected)
[2026-02-07 13:49:53] [clean] SKIPPED /Users/mahir/Library/Caches/com.apple.sharekit.663103074326612662.png (protected)
[2026-02-07 13:49:53] [clean] SKIPPED /Users/mahir/Library/Caches/com.apple.siri.SuggestionsBookkeepingService (protected)
[2026-02-07 13:49:53] [clean] SKIPPED /Users/mahir/Library/Caches/com.apple.siri.bundleservicecache.plist (protected)
[2026-02-07 13:49:53] [clean] SKIPPED /Users/mahir/Library/Caches/com.apple.siri.findmy.syncdevicedata.json (protected)
[2026-02-07 13:49:53] [clean] SKIPPED /Users/mahir/Library/Caches/com.apple.siri.transformationplugincache.plist (protected)
[2026-02-07 13:49:53] [clean] SKIPPED /Users/mahir/Library/Caches/com.apple.sirittsd (protected)
[2026-02-07 13:49:53] [clean] SKIPPED /Users/mahir/Library/Caches/com.apple.storekitagent (protected)
[2026-02-07 13:49:53] [clean] SKIPPED /Users/mahir/Library/Caches/com.apple.systemsettings.menucache (protected)
[2026-02-07 13:49:53] [clean] SKIPPED /Users/mahir/Library/Caches/com.apple.tipsd (protected)
[2026-02-07 13:49:53] [clean] SKIPPED /Users/mahir/Library/Caches/com.apple.tiswitcher.cache (protected)
[2026-02-07 13:49:53] [clean] SKIPPED /Users/mahir/Library/Caches/com.apple.translationd (protected)
[2026-02-07 13:49:53] [clean] SKIPPED /Users/mahir/Library/Caches/com.apple.watchlistd (protected)
[2026-02-07 13:49:53] [clean] SKIPPED /Users/mahir/Library/Caches/com.cloudflare.1dot1dot1dot1.macos (protected)
[2026-02-07 13:49:53] [clean] SKIPPED /Users/mahir/Library/Caches/com.microsoft.VSCode (protected)
[2026-02-07 13:49:53] [clean] SKIPPED /Users/mahir/Library/Caches/com.microsoft.VSCode.ShipIt (protected)
[2026-02-07 13:49:53] [clean] SKIPPED /Users/mahir/Library/Caches/io.tailscale.ipn.macsys (protected)
[2026-02-07 13:49:53] [clean] SKIPPED /Users/mahir/Library/Caches/ms-playwright-go (whitelist)
[2026-02-07 13:49:54] [clean] REMOVED /Users/mahir/Library/Caches/Arc (54.1MB)
[2026-02-07 13:49:54] [clean] FAILED /Users/mahir/Library/Caches/zen (error)
[2026-02-07 13:49:54] [clean] REMOVED /Users/mahir/Library/Caches/Animoji (436KB)
[2026-02-07 13:49:54] [clean] REMOVED /Users/mahir/Library/Caches/GameKit (68KB)
[2026-02-07 13:49:54] [clean] REMOVED /Users/mahir/Library/Caches/Mozilla
[2026-02-07 13:49:54] [clean] REMOVED /Users/mahir/Library/Caches/PassKit (4KB)
[2026-02-07 13:49:54] [clean] REMOVED /Users/mahir/Library/Caches/segment (20KB)
[2026-02-07 13:49:55] [clean] FAILED /Users/mahir/Library/Caches/Homebrew (permission denied)
[2026-02-07 13:49:55] [clean] REMOVED /Users/mahir/Library/Caches/io.sentry (4KB)
[2026-02-07 13:49:55] [clean] REMOVED /Users/mahir/Library/Caches/Softdeluxe (2.7MB)
[2026-02-07 13:49:55] [clean] REMOVED /Users/mahir/Library/Caches/GeoServices (36.0MB)
[2026-02-07 13:49:55] [clean] REMOVED /Users/mahir/Library/Caches/SentryCrash (12KB)
[2026-02-07 13:49:55] [clean] REMOVED /Users/mahir/Library/Caches/FamilyCircle (4KB)
[2026-02-07 13:49:55] [clean] REMOVED /Users/mahir/Library/Caches/INSTALLATION (4KB)
[2026-02-07 13:49:55] [clean] REMOVED /Users/mahir/Library/Caches/MiniLauncher (288KB)
[2026-02-07 13:49:55] [clean] REMOVED /Users/mahir/Library/Caches/com.datadoghq
[2026-02-07 13:49:55] [clean] REMOVED /Users/mahir/Library/Caches/familycircled (212KB)
[2026-02-07 13:49:55] [clean] REMOVED /Users/mahir/Library/Caches/askpermissiond (152KB)
[2026-02-07 13:49:55] [clean] REMOVED /Users/mahir/Library/Caches/icloudmailagent (6.1MB)
[2026-02-07 13:49:55] [clean] REMOVED /Users/mahir/Library/Caches/com.raycast.macos (1.2MB)
[2026-02-07 13:49:55] [clean] REMOVED /Users/mahir/Library/Caches/com.objective-see.lulu.app (132KB)
[2026-02-07 13:49:55] [clean] REMOVED /Users/mahir/Library/Caches/io.macfuse.preferencepanes.macfuse (136KB)
[2026-02-07 13:49:55] [clean] REMOVED /Users/mahir/Library/Caches/AAProfilePicture_C87C23D1-31C8-483B-AD53-789F1FB7671A.png (68KB)
[2026-02-07 13:49:55] [clean] SKIPPED /Users/mahir/Library/Logs/JetBrains (protected)
[2026-02-07 13:49:55] [clean] SKIPPED /Users/mahir/Library/Logs/com.apple.AMPLibraryAgent (protected)
[2026-02-07 13:49:55] [clean] SKIPPED /Users/mahir/Library/Logs/com.apple.CloudTelemetry (protected)
[2026-02-07 13:49:55] [clean] REMOVED /Users/mahir/Library/Logs/Baseband
[2026-02-07 13:49:55] [clean] REMOVED /Users/mahir/Library/Logs/Homebrew (180KB)
[2026-02-07 13:49:55] [clean] REMOVED /Users/mahir/Library/Logs/Assistant
[2026-02-07 13:49:55] [clean] REMOVED /Users/mahir/Library/Logs/fsck_hfs.log (4KB)
[2026-02-07 13:49:55] [clean] REMOVED /Users/mahir/Library/Logs/SiriTTSService
[2026-02-07 13:49:55] [clean] REMOVED /Users/mahir/Library/Logs/DiagnosticReports
[2026-02-07 13:49:55] [clean] REMOVED /Users/mahir/Library/Logs/PhotosSearch.aapbz (4KB)
[2026-02-07 13:49:55] [clean] REMOVED /Users/mahir/Library/Logs/PrivacyPreservingMeasurement
[2026-02-07 13:49:56] [clean] SKIPPED /Users/mahir/Library/Caches/com.apple.photoanalysisd (protected)
[2026-02-07 13:49:56] [clean] SKIPPED /Users/mahir/Library/Caches/com.apple.akd (protected)
[2026-02-07 13:49:56] [clean] SKIPPED /Users/mahir/Library/Caches/com.apple.QuickLook.thumbnailcache (protected)
[2026-02-07 13:49:56] [clean] SKIPPED /Users/mahir/Library/Caches/com.apple.iconservices* (protected)
[2026-02-07 13:49:56] [clean] REMOVED /Users/mahir/Library/Suggestions/Metrics
[2026-02-07 13:49:56] [clean] REMOVED /Users/mahir/Library/Suggestions/journals
[2026-02-07 13:49:56] [clean] REMOVED /Users/mahir/Library/Suggestions/Harvesting (4KB)
[2026-02-07 13:49:56] [clean] REMOVED /Users/mahir/Library/Suggestions/entities.db (12KB)
[2026-02-07 13:49:56] [clean] REMOVED /Users/mahir/Library/Suggestions/snippets.db (12KB)
[2026-02-07 13:49:56] [clean] REMOVED /Users/mahir/Library/Suggestions/training.db (8KB)
[2026-02-07 13:49:56] [clean] REMOVED /Users/mahir/Library/Suggestions/entities.db-shm (32KB)
[2026-02-07 13:49:56] [clean] REMOVED /Users/mahir/Library/Suggestions/entities.db-wal (2.0MB)
[2026-02-07 13:49:56] [clean] REMOVED /Users/mahir/Library/Suggestions/snippets.db-shm (32KB)
[2026-02-07 13:49:56] [clean] REMOVED /Users/mahir/Library/Suggestions/snippets.db-wal (196KB)
[2026-02-07 13:49:56] [clean] REMOVED /Users/mahir/Library/Suggestions/training.db-shm (32KB)
[2026-02-07 13:49:56] [clean] REMOVED /Users/mahir/Library/Suggestions/training.db-wal (68KB)
[2026-02-07 13:49:56] [clean] REMOVED /Users/mahir/Library/Suggestions/mifeaturestore.db (52KB)
[2026-02-07 13:49:56] [clean] REMOVED /Users/mahir/Library/Suggestions/email-to-name.kvcache (4KB)
[2026-02-07 13:49:56] [clean] REMOVED /Users/mahir/Library/Suggestions/phone-to-name.kvcache
[2026-02-07 13:49:56] [clean] REMOVED /Users/mahir/Library/Suggestions/privacyAwareLogging.ser (4KB)
[2026-02-07 13:49:56] [clean] REMOVED /Users/mahir/Library/Suggestions/suggestions-device-day-group (4KB)
[2026-02-07 13:49:56] [clean] REMOVED /Users/mahir/Library/Suggestions/significant-pseudo-contacts.bf.bf2-head
[2026-02-07 13:49:56] [clean] REMOVED /Users/mahir/Library/Suggestions/significant-pseudo-contacts.bf.bf2-tail
[2026-02-07 13:49:56] [clean] SKIPPED /Users/mahir/Library/Preferences/com.apple.recentitems.plist (protected)
[2026-02-07 13:49:56] [clean] SKIPPED /Users/mahir/Library/Containers/com.apple.wallpaper.agent/Data/Library/Caches/com.apple.wallpaper.caches (protected)
[2026-02-07 13:49:56] [clean] SKIPPED /Users/mahir/Library/Containers/com.apple.mediaanalysisd/Data/Library/Caches/PFSceneGeographyData.index (protected)
[2026-02-07 13:49:56] [clean] SKIPPED /Users/mahir/Library/Containers/com.apple.mediaanalysisd/Data/Library/Caches/PFSceneTaxonomyData.index (protected)
[2026-02-07 13:49:56] [clean] SKIPPED /Users/mahir/Library/Containers/com.apple.mediaanalysisd/Data/Library/Caches/com.apple.HomeKit (protected)
[2026-02-07 13:49:56] [clean] SKIPPED /Users/mahir/Library/Containers/com.apple.mediaanalysisd/Data/Library/Caches/com.apple.mediaanalysisd (protected)
[2026-02-07 13:49:56] [clean] SKIPPED /Users/mahir/Library/Containers/com.apple.AppStore/Data/Library/Caches/GameKit (protected)
[2026-02-07 13:49:56] [clean] SKIPPED /Users/mahir/Library/Containers/com.apple.AppStore/Data/Library/Caches/JetPackCache (protected)
[2026-02-07 13:49:56] [clean] SKIPPED /Users/mahir/Library/Containers/com.apple.AppStore/Data/Library/Caches/com.apple.AppStore (protected)
[2026-02-07 13:49:56] [clean] SKIPPED /Users/mahir/Library/Containers/com.apple.AppStore/Data/Library/Caches/com.apple.AppleMediaServices (protected)
[2026-02-07 13:49:57] [clean] SKIPPED /Users/mahir/Library/Containers/com.apple.AppStore/Data/Library/Caches/com.apple.itunesstored (protected)
[2026-02-07 13:49:59] [clean] REMOVED /Users/mahir/Library/Caches/com.apple.Safari/WebKitCache
[2026-02-07 13:50:00] [clean] REMOVED /Users/mahir/Library/Caches/zen/Profiles (1.9MB)
[2026-02-07 13:50:00] [clean] SKIPPED /Users/mahir/Library/Caches/com.dropbox.* (protected)
[2026-02-07 13:50:00] [clean] SKIPPED /Users/mahir/Library/Caches/com.getdropbox.dropbox (protected)
[2026-02-07 13:50:00] [clean] SKIPPED /Users/mahir/Library/Caches/com.google.GoogleDrive (protected)
[2026-02-07 13:50:00] [clean] SKIPPED /Users/mahir/Library/Caches/com.box.desktop (protected)
[2026-02-07 13:50:00] [clean] SKIPPED /Users/mahir/Library/Caches/com.microsoft.OneDrive (protected)
[2026-02-07 13:50:00] [clean] SKIPPED /Users/mahir/Library/Caches/com.microsoft.Word (protected)
[2026-02-07 13:50:00] [clean] SKIPPED /Users/mahir/Library/Caches/com.microsoft.Excel (protected)
[2026-02-07 13:50:00] [clean] SKIPPED /Users/mahir/Library/Caches/com.microsoft.Powerpoint (protected)
[2026-02-07 13:50:00] [clean] SKIPPED /Users/mahir/Library/Caches/com.apple.iWork.* (protected)
[2026-02-07 13:50:02] [clean] SKIPPED /Users/mahir/.cache/huggingface/hub (whitelist)
[2026-02-07 13:50:02] [clean] REMOVED /Users/mahir/.oh-my-zsh/cache/grep-alias (4KB)
[2026-02-07 13:50:02] [clean] REMOVED /Users/mahir/.oh-my-zsh/cache/completions
[2026-02-07 13:50:02] [clean] REMOVED /Users/mahir/Library/Application Support/Code/CachedData/c9d77990917f3102ada88be140d28b038d1dd7c7 (8KB)
[2026-02-07 13:50:03] [clean] FAILED /Users/mahir/Library/Caches/Homebrew/go_mod_cache (permission denied)
[2026-02-07 13:50:06] [clean] REMOVED /opt/homebrew/var/homebrew/locks/gd.formula.lock
[2026-02-07 13:50:06] [clean] REMOVED /opt/homebrew/var/homebrew/locks/go.formula.lock
[2026-02-07 13:50:06] [clean] REMOVED /opt/homebrew/var/homebrew/locks/m4.formula.lock
[2026-02-07 13:50:06] [clean] REMOVED /opt/homebrew/var/homebrew/locks/xz.formula.lock
[2026-02-07 13:50:06] [clean] REMOVED /opt/homebrew/var/homebrew/locks/z3.formula.lock
[2026-02-07 13:50:06] [clean] REMOVED /opt/homebrew/var/homebrew/locks/aom.formula.lock
[2026-02-07 13:50:06] [clean] REMOVED /opt/homebrew/var/homebrew/locks/apr.formula.lock
[2026-02-07 13:50:06] [clean] REMOVED /opt/homebrew/var/homebrew/locks/fmt.formula.lock
[2026-02-07 13:50:06] [clean] REMOVED /opt/homebrew/var/homebrew/locks/ghc.formula.lock
[2026-02-07 13:50:06] [clean] REMOVED /opt/homebrew/var/homebrew/locks/gmp.formula.lock
[2026-02-07 13:50:06] [clean] REMOVED /opt/homebrew/var/homebrew/locks/gts.formula.lock
[2026-02-07 13:50:06] [clean] REMOVED /opt/homebrew/var/homebrew/locks/lz4.formula.lock
[2026-02-07 13:50:06] [clean] REMOVED /opt/homebrew/var/homebrew/locks/lzo.formula.lock
[2026-02-07 13:50:06] [clean] REMOVED /opt/homebrew/var/homebrew/locks/orc.formula.lock
[2026-02-07 13:50:06] [clean] REMOVED /opt/homebrew/var/homebrew/locks/srt.formula.lock
[2026-02-07 13:50:06] [clean] REMOVED /opt/homebrew/var/homebrew/locks/dbus.formula.lock
[2026-02-07 13:50:06] [clean] REMOVED /opt/homebrew/var/homebrew/locks/faac.formula.lock
[2026-02-07 13:50:06] [clean] REMOVED /opt/homebrew/var/homebrew/locks/flac.formula.lock
[2026-02-07 13:50:06] [clean] REMOVED /opt/homebrew/var/homebrew/locks/gdbm.formula.lock
[2026-02-07 13:50:06] [clean] REMOVED /opt/homebrew/var/homebrew/locks/glib.formula.lock
[2026-02-07 13:50:06] [clean] REMOVED /opt/homebrew/var/homebrew/locks/gtk4.formula.lock
[2026-02-07 13:50:06] [clean] REMOVED /opt/homebrew/var/homebrew/locks/krb5.formula.lock
[2026-02-07 13:50:06] [clean] REMOVED /opt/homebrew/var/homebrew/locks/lame.formula.lock
[2026-02-07 13:50:06] [clean] REMOVED /opt/homebrew/var/homebrew/locks/llvm.formula.lock
[2026-02-07 13:50:06] [clean] REMOVED /opt/homebrew/var/homebrew/locks/nasm.formula.lock
[2026-02-07 13:50:06] [clean] REMOVED /opt/homebrew/var/homebrew/locks/node.formula.lock
[2026-02-07 13:50:06] [clean] REMOVED /opt/homebrew/var/homebrew/locks/opus.formula.lock
[2026-02-07 13:50:06] [clean] REMOVED /opt/homebrew/var/homebrew/locks/rust.formula.lock
[2026-02-07 13:50:06] [clean] REMOVED /opt/homebrew/var/homebrew/locks/sdl2.formula.lock
[2026-02-07 13:50:06] [clean] REMOVED /opt/homebrew/var/homebrew/locks/srtp.formula.lock
[2026-02-07 13:50:06] [clean] REMOVED /opt/homebrew/var/homebrew/locks/swig.formula.lock
[2026-02-07 13:50:06] [clean] REMOVED /opt/homebrew/var/homebrew/locks/vala.formula.lock
[2026-02-07 13:50:06] [clean] REMOVED /opt/homebrew/var/homebrew/locks/webp.formula.lock
[2026-02-07 13:50:07] [clean] REMOVED /opt/homebrew/var/homebrew/locks/x264.formula.lock
[2026-02-07 13:50:07] [clean] REMOVED /opt/homebrew/var/homebrew/locks/x265.formula.lock
[2026-02-07 13:50:07] [clean] REMOVED /opt/homebrew/var/homebrew/locks/zstd.formula.lock
[2026-02-07 13:50:07] [clean] REMOVED /opt/homebrew/var/homebrew/locks/bison.formula.lock
[2026-02-07 13:50:07] [clean] REMOVED /opt/homebrew/var/homebrew/locks/boost.formula.lock
[2026-02-07 13:50:07] [clean] REMOVED /opt/homebrew/var/homebrew/locks/cairo.formula.lock
[2026-02-07 13:50:07] [clean] REMOVED /opt/homebrew/var/homebrew/locks/cjson.formula.lock
[2026-02-07 13:50:07] [clean] REMOVED /opt/homebrew/var/homebrew/locks/cmake.formula.lock
[2026-02-07 13:50:07] [clean] REMOVED /opt/homebrew/var/homebrew/locks/cunit.formula.lock
[2026-02-07 13:50:07] [clean] REMOVED /opt/homebrew/var/homebrew/locks/dav1d.formula.lock
[2026-02-07 13:50:07] [clean] REMOVED /opt/homebrew/var/homebrew/locks/faad2.formula.lock
[2026-02-07 13:50:07] [clean] REMOVED /opt/homebrew/var/homebrew/locks/gtk+3.formula.lock
[2026-02-07 13:50:07] [clean] REMOVED /opt/homebrew/var/homebrew/locks/imath.formula.lock
[2026-02-07 13:50:07] [clean] REMOVED /opt/homebrew/var/homebrew/locks/libb2.formula.lock
[2026-02-07 13:50:07] [clean] REMOVED /opt/homebrew/var/homebrew/locks/libuv.formula.lock
[2026-02-07 13:50:07] [clean] REMOVED /opt/homebrew/var/homebrew/locks/libxi.formula.lock
[2026-02-07 13:50:07] [clean] REMOVED /opt/homebrew/var/homebrew/locks/meson.formula.lock
[2026-02-07 13:50:07] [clean] REMOVED /opt/homebrew/var/homebrew/locks/ninja.formula.lock
[2026-02-07 13:50:07] [clean] REMOVED /opt/homebrew/var/homebrew/locks/pango.formula.lock
[2026-02-07 13:50:07] [clean] REMOVED /opt/homebrew/var/homebrew/locks/pcre2.formula.lock
[2026-02-07 13:50:07] [clean] REMOVED /opt/homebrew/var/homebrew/locks/sassc.formula.lock
[2026-02-07 13:50:07] [clean] REMOVED /opt/homebrew/var/homebrew/locks/scons.formula.lock
[2026-02-07 13:50:07] [clean] REMOVED /opt/homebrew/var/homebrew/locks/speex.formula.lock
[2026-02-07 13:50:07] [clean] REMOVED /opt/homebrew/var/homebrew/locks/xmlto.formula.lock
[2026-02-07 13:50:07] [clean] REMOVED /opt/homebrew/var/homebrew/locks/abseil.formula.lock
[2026-02-07 13:50:07] [clean] REMOVED /opt/homebrew/var/homebrew/locks/brotli.formula.lock
[2026-02-07 13:50:07] [clean] REMOVED /opt/homebrew/var/homebrew/locks/c-ares.formula.lock
[2026-02-07 13:50:07] [clean] REMOVED /opt/homebrew/var/homebrew/locks/ffmpeg.formula.lock
[2026-02-07 13:50:07] [clean] REMOVED /opt/homebrew/var/homebrew/locks/giflib.formula.lock
[2026-02-07 13:50:07] [clean] REMOVED /opt/homebrew/var/homebrew/locks/gnutls.formula.lock
[2026-02-07 13:50:07] [clean] REMOVED /opt/homebrew/var/homebrew/locks/jasper.formula.lock
[2026-02-07 13:50:07] [clean] REMOVED /opt/homebrew/var/homebrew/locks/json-c.formula.lock
[2026-02-07 13:50:07] [clean] REMOVED /opt/homebrew/var/homebrew/locks/libass.formula.lock
[2026-02-07 13:50:07] [clean] REMOVED /opt/homebrew/var/homebrew/locks/libogg.formula.lock
[2026-02-07 13:50:07] [clean] REMOVED /opt/homebrew/var/homebrew/locks/libpng.formula.lock
[2026-02-07 13:50:07] [clean] REMOVED /opt/homebrew/var/homebrew/locks/libpsl.formula.lock
[2026-02-07 13:50:07] [clean] REMOVED /opt/homebrew/var/homebrew/locks/libvpx.formula.lock
[2026-02-07 13:50:07] [clean] REMOVED /opt/homebrew/var/homebrew/locks/libx11.formula.lock
[2026-02-07 13:50:07] [clean] REMOVED /opt/homebrew/var/homebrew/locks/libxau.formula.lock
[2026-02-07 13:50:07] [clean] REMOVED /opt/homebrew/var/homebrew/locks/libxcb.formula.lock
[2026-02-07 13:50:07] [clean] REMOVED /opt/homebrew/var/homebrew/locks/llhttp.formula.lock
[2026-02-07 13:50:07] [clean] REMOVED /opt/homebrew/var/homebrew/locks/mpg123.formula.lock
[2026-02-07 13:50:07] [clean] REMOVED /opt/homebrew/var/homebrew/locks/netpbm.formula.lock
[2026-02-07 13:50:07] [clean] REMOVED /opt/homebrew/var/homebrew/locks/nettle.formula.lock
[2026-02-07 13:50:07] [clean] REMOVED /opt/homebrew/var/homebrew/locks/pandoc.formula.lock
[2026-02-07 13:50:07] [clean] REMOVED /opt/homebrew/var/homebrew/locks/pillow.formula.lock
[2026-02-07 13:50:07] [clean] REMOVED /opt/homebrew/var/homebrew/locks/pixman.formula.lock
[2026-02-07 13:50:07] [clean] REMOVED /opt/homebrew/var/homebrew/locks/sqlite.formula.lock
[2026-02-07 13:50:07] [clean] REMOVED /opt/homebrew/var/homebrew/locks/taglib.formula.lock
[2026-02-07 13:50:07] [clean] REMOVED /opt/homebrew/var/homebrew/locks/theora.formula.lock
[2026-02-07 13:50:07] [clean] REMOVED /opt/homebrew/var/homebrew/locks/uvwasi.formula.lock
[2026-02-07 13:50:07] [clean] REMOVED /opt/homebrew/var/homebrew/locks/xtrans.formula.lock
[2026-02-07 13:50:07] [clean] REMOVED /opt/homebrew/var/homebrew/locks/zeromq.formula.lock
[2026-02-07 13:50:07] [clean] REMOVED /opt/homebrew/var/homebrew/locks/ada-url.formula.lock
[2026-02-07 13:50:07] [clean] REMOVED /opt/homebrew/var/homebrew/locks/cargo-c.formula.lock
[2026-02-07 13:50:07] [clean] REMOVED /opt/homebrew/var/homebrew/locks/certifi.formula.lock
[2026-02-07 13:50:07] [clean] REMOVED /opt/homebrew/var/homebrew/locks/cxxopts.formula.lock
[2026-02-07 13:50:07] [clean] REMOVED /opt/homebrew/var/homebrew/locks/docbook.formula.lock
[2026-02-07 13:50:07] [clean] REMOVED /opt/homebrew/var/homebrew/locks/doxygen.formula.lock
[2026-02-07 13:50:07] [clean] REMOVED /opt/homebrew/var/homebrew/locks/fdk-aac.formula.lock
[2026-02-07 13:50:07] [clean] REMOVED /opt/homebrew/var/homebrew/locks/fribidi.formula.lock
[2026-02-07 13:50:07] [clean] REMOVED /opt/homebrew/var/homebrew/locks/gettext.formula.lock
[2026-02-07 13:50:07] [clean] REMOVED /opt/homebrew/var/homebrew/locks/gnu-sed.formula.lock
[2026-02-07 13:50:07] [clean] REMOVED /opt/homebrew/var/homebrew/locks/highway.formula.lock
[2026-02-07 13:50:07] [clean] REMOVED /opt/homebrew/var/homebrew/locks/itstool.formula.lock
[2026-02-07 13:50:07] [clean] REMOVED /opt/homebrew/var/homebrew/locks/jpeg-xl.formula.lock
[2026-02-07 13:50:07] [clean] REMOVED /opt/homebrew/var/homebrew/locks/libavif.formula.lock
[2026-02-07 13:50:07] [clean] REMOVED /opt/homebrew/var/homebrew/locks/libgit2.formula.lock
[2026-02-07 13:50:07] [clean] REMOVED /opt/homebrew/var/homebrew/locks/libidn2.formula.lock
[2026-02-07 13:50:07] [clean] REMOVED /opt/homebrew/var/homebrew/locks/libnice.formula.lock
[2026-02-07 13:50:07] [clean] REMOVED /opt/homebrew/var/homebrew/locks/libraqm.formula.lock
[2026-02-07 13:50:07] [clean] REMOVED /opt/homebrew/var/homebrew/locks/librsvg.formula.lock
[2026-02-07 13:50:07] [clean] REMOVED /opt/homebrew/var/homebrew/locks/libsass.formula.lock
[2026-02-07 13:50:07] [clean] REMOVED /opt/homebrew/var/homebrew/locks/libsoup.formula.lock
[2026-02-07 13:50:08] [clean] REMOVED /opt/homebrew/var/homebrew/locks/libssh2.formula.lock
[2026-02-07 13:50:08] [clean] REMOVED /opt/homebrew/var/homebrew/locks/libthai.formula.lock
[2026-02-07 13:50:08] [clean] REMOVED /opt/homebrew/var/homebrew/locks/libtiff.formula.lock
[2026-02-07 13:50:08] [clean] REMOVED /opt/homebrew/var/homebrew/locks/libtool.formula.lock
[2026-02-07 13:50:08] [clean] REMOVED /opt/homebrew/var/homebrew/locks/libvirt.formula.lock
[2026-02-07 13:50:08] [clean] REMOVED /opt/homebrew/var/homebrew/locks/libvmaf.formula.lock
[2026-02-07 13:50:08] [clean] REMOVED /opt/homebrew/var/homebrew/locks/libxext.formula.lock
[2026-02-07 13:50:08] [clean] REMOVED /opt/homebrew/var/homebrew/locks/libxml2.formula.lock
[2026-02-07 13:50:08] [clean] REMOVED /opt/homebrew/var/homebrew/locks/libxtst.formula.lock
[2026-02-07 13:50:08] [clean] REMOVED /opt/homebrew/var/homebrew/locks/libyaml.formula.lock
[2026-02-07 13:50:08] [clean] REMOVED /opt/homebrew/var/homebrew/locks/maturin.formula.lock
[2026-02-07 13:50:08] [clean] REMOVED /opt/homebrew/var/homebrew/locks/mongosh.formula.lock
[2026-02-07 13:50:08] [clean] REMOVED /opt/homebrew/var/homebrew/locks/ncurses.formula.lock
[2026-02-07 13:50:08] [clean] REMOVED /opt/homebrew/var/homebrew/locks/openexr.formula.lock
[2026-02-07 13:50:08] [clean] REMOVED /opt/homebrew/var/homebrew/locks/openjph.formula.lock
[2026-02-07 13:50:08] [clean] REMOVED /opt/homebrew/var/homebrew/locks/p11-kit.formula.lock
[2026-02-07 13:50:08] [clean] REMOVED /opt/homebrew/var/homebrew/locks/pkgconf.formula.lock
[2026-02-07 13:50:08] [clean] REMOVED /opt/homebrew/var/homebrew/locks/rpds-py.formula.lock
[2026-02-07 13:50:08] [clean] REMOVED /opt/homebrew/var/homebrew/locks/svt-av1.formula.lock
[2026-02-07 13:50:08] [clean] REMOVED /opt/homebrew/var/homebrew/locks/unbound.formula.lock
[2026-02-07 13:50:08] [clean] REMOVED /opt/homebrew/var/homebrew/locks/utf8cpp.formula.lock
[2026-02-07 13:50:08] [clean] REMOVED /opt/homebrew/var/homebrew/locks/apr-util.formula.lock
[2026-02-07 13:50:08] [clean] REMOVED /opt/homebrew/var/homebrew/locks/asciidoc.formula.lock
[2026-02-07 13:50:08] [clean] REMOVED /opt/homebrew/var/homebrew/locks/autoconf.formula.lock
[2026-02-07 13:50:08] [clean] REMOVED /opt/homebrew/var/homebrew/locks/automake.formula.lock
[2026-02-07 13:50:08] [clean] REMOVED /opt/homebrew/var/homebrew/locks/docutils.formula.lock
[2026-02-07 13:50:08] [clean] REMOVED /opt/homebrew/var/homebrew/locks/freetype.formula.lock
[2026-02-07 13:50:08] [clean] REMOVED /opt/homebrew/var/homebrew/locks/graphene.formula.lock
[2026-02-07 13:50:08] [clean] REMOVED /opt/homebrew/var/homebrew/locks/graphviz.formula.lock
[2026-02-07 13:50:08] [clean] REMOVED /opt/homebrew/var/homebrew/locks/harfbuzz.formula.lock
[2026-02-07 13:50:08] [clean] REMOVED /opt/homebrew/var/homebrew/locks/icu4c@78.formula.lock
[2026-02-07 13:50:08] [clean] REMOVED /opt/homebrew/var/homebrew/locks/intltool.formula.lock
[2026-02-07 13:50:08] [clean] REMOVED /opt/homebrew/var/homebrew/locks/libepoxy.formula.lock
[2026-02-07 13:50:08] [clean] REMOVED /opt/homebrew/var/homebrew/locks/libevent.formula.lock
[2026-02-07 13:50:08] [clean] REMOVED /opt/homebrew/var/homebrew/locks/libiconv.formula.lock
[2026-02-07 13:50:08] [clean] REMOVED /opt/homebrew/var/homebrew/locks/libiscsi.formula.lock
[2026-02-07 13:50:08] [clean] REMOVED /opt/homebrew/var/homebrew/locks/libshout.formula.lock
[2026-02-07 13:50:08] [clean] REMOVED /opt/homebrew/var/homebrew/locks/libtasn1.formula.lock
[2026-02-07 13:50:08] [clean] REMOVED /opt/homebrew/var/homebrew/locks/libxdmcp.formula.lock
[2026-02-07 13:50:08] [clean] REMOVED /opt/homebrew/var/homebrew/locks/musepack.formula.lock
[2026-02-07 13:50:08] [clean] REMOVED /opt/homebrew/var/homebrew/locks/openjpeg.formula.lock
[2026-02-07 13:50:08] [clean] REMOVED /opt/homebrew/var/homebrew/locks/py3cairo.formula.lock
[2026-02-07 13:50:08] [clean] REMOVED /opt/homebrew/var/homebrew/locks/readline.formula.lock
[2026-02-07 13:50:08] [clean] REMOVED /opt/homebrew/var/homebrew/locks/rtmpdump.formula.lock
[2026-02-07 13:50:08] [clean] REMOVED /opt/homebrew/var/homebrew/locks/simdjson.formula.lock
[2026-02-07 13:50:08] [clean] REMOVED /opt/homebrew/var/homebrew/locks/utf8proc.formula.lock
[2026-02-07 13:50:08] [clean] REMOVED /opt/homebrew/var/homebrew/locks/graphite2.formula.lock
[2026-02-07 13:50:08] [clean] REMOVED /opt/homebrew/var/homebrew/locks/json-glib.formula.lock
[2026-02-07 13:50:08] [clean] REMOVED /opt/homebrew/var/homebrew/locks/leptonica.formula.lock
[2026-02-07 13:50:08] [clean] REMOVED /opt/homebrew/var/homebrew/locks/libdatrie.formula.lock
[2026-02-07 13:50:08] [clean] REMOVED /opt/homebrew/var/homebrew/locks/libngtcp2.formula.lock
[2026-02-07 13:50:08] [clean] REMOVED /opt/homebrew/var/homebrew/locks/libscrypt.formula.lock
[2026-02-07 13:50:08] [clean] REMOVED /opt/homebrew/var/homebrew/locks/libsodium.formula.lock
[2026-02-07 13:50:08] [clean] REMOVED /opt/homebrew/var/homebrew/locks/libvorbis.formula.lock
[2026-02-07 13:50:08] [clean] REMOVED /opt/homebrew/var/homebrew/locks/libxfixes.formula.lock
[2026-02-07 13:50:08] [clean] REMOVED /opt/homebrew/var/homebrew/locks/mbedtls@3.formula.lock
[2026-02-07 13:50:08] [clean] REMOVED /opt/homebrew/var/homebrew/locks/mpdecimal.formula.lock
[2026-02-07 13:50:08] [clean] REMOVED /opt/homebrew/var/homebrew/locks/openssl@3.formula.lock
[2026-02-07 13:50:08] [clean] REMOVED /opt/homebrew/var/homebrew/locks/xcb-proto.formula.lock
[2026-02-07 13:50:08] [clean] REMOVED /opt/homebrew/var/homebrew/locks/xorgproto.formula.lock
[2026-02-07 13:50:08] [clean] REMOVED /opt/homebrew/var/homebrew/locks/fontconfig.formula.lock
[2026-02-07 13:50:08] [clean] REMOVED /opt/homebrew/var/homebrew/locks/gdk-pixbuf.formula.lock
[2026-02-07 13:50:08] [clean] REMOVED /opt/homebrew/var/homebrew/locks/gnu-getopt.formula.lock
[2026-02-07 13:50:08] [clean] REMOVED /opt/homebrew/var/homebrew/locks/googletest.formula.lock
[2026-02-07 13:50:08] [clean] REMOVED /opt/homebrew/var/homebrew/locks/jpeg-turbo.formula.lock
[2026-02-07 13:50:08] [clean] REMOVED /opt/homebrew/var/homebrew/locks/libarchive.formula.lock
[2026-02-07 13:50:08] [clean] REMOVED /opt/homebrew/var/homebrew/locks/libcuefile.formula.lock
[2026-02-07 13:50:08] [clean] REMOVED /opt/homebrew/var/homebrew/locks/libdeflate.formula.lock
[2026-02-07 13:50:08] [clean] REMOVED /opt/homebrew/var/homebrew/locks/libnghttp2.formula.lock
[2026-02-07 13:50:08] [clean] REMOVED /opt/homebrew/var/homebrew/locks/libnghttp3.formula.lock
[2026-02-07 13:50:08] [clean] REMOVED /opt/homebrew/var/homebrew/locks/libsndfile.formula.lock
[2026-02-07 13:50:09] [clean] REMOVED /opt/homebrew/var/homebrew/locks/libudfread.formula.lock
[2026-02-07 13:50:09] [clean] REMOVED /opt/homebrew/var/homebrew/locks/libusrsctp.formula.lock
[2026-02-07 13:50:09] [clean] REMOVED /opt/homebrew/var/homebrew/locks/libxrender.formula.lock
[2026-02-07 13:50:09] [clean] REMOVED /opt/homebrew/var/homebrew/locks/pygobject3.formula.lock
[2026-02-07 13:50:09] [clean] REMOVED /opt/homebrew/var/homebrew/locks/sphinx-doc.formula.lock
[2026-02-07 13:50:09] [clean] REMOVED /opt/homebrew/var/homebrew/locks/subversion.formula.lock
[2026-02-07 13:50:09] [clean] REMOVED /opt/homebrew/var/homebrew/locks/docbook-xsl.formula.lock
[2026-02-07 13:50:09] [clean] REMOVED /opt/homebrew/var/homebrew/locks/libunibreak.formula.lock
[2026-02-07 13:50:09] [clean] REMOVED /opt/homebrew/var/homebrew/locks/little-cms2.formula.lock
[2026-02-07 13:50:09] [clean] REMOVED /opt/homebrew/var/homebrew/locks/python@3.12.formula.lock
[2026-02-07 13:50:09] [clean] REMOVED /opt/homebrew/var/homebrew/locks/python@3.13.formula.lock
[2026-02-07 13:50:09] [clean] REMOVED /opt/homebrew/var/homebrew/locks/python@3.14.formula.lock
[2026-02-07 13:50:09] [clean] REMOVED /opt/homebrew/var/homebrew/locks/util-macros.formula.lock
[2026-02-07 13:50:09] [clean] REMOVED /opt/homebrew/var/homebrew/locks/at-spi2-core.formula.lock
[2026-02-07 13:50:09] [clean] REMOVED /opt/homebrew/var/homebrew/locks/libgpg-error.formula.lock
[2026-02-07 13:50:09] [clean] REMOVED /opt/homebrew/var/homebrew/locks/libunistring.formula.lock
[2026-02-07 13:50:09] [clean] REMOVED /opt/homebrew/var/homebrew/locks/opencore-amr.formula.lock
[2026-02-07 13:50:09] [clean] REMOVED /opt/homebrew/var/homebrew/locks/cabal-install.formula.lock
[2026-02-07 13:50:09] [clean] REMOVED /opt/homebrew/var/homebrew/locks/libimagequant.formula.lock
[2026-02-07 13:50:09] [clean] REMOVED /opt/homebrew/var/homebrew/locks/libmicrohttpd.formula.lock
[2026-02-07 13:50:09] [clean] REMOVED /opt/homebrew/var/homebrew/locks/libreplaygain.formula.lock
[2026-02-07 13:50:09] [clean] REMOVED /opt/homebrew/var/homebrew/locks/pkcs11-helper.formula.lock
[2026-02-07 13:50:09] [clean] REMOVED /opt/homebrew/var/homebrew/locks/hdrhistogram_c.formula.lock
[2026-02-07 13:50:09] [clean] REMOVED /opt/homebrew/var/homebrew/locks/ca-certificates.formula.lock
[2026-02-07 13:50:09] [clean] REMOVED /opt/homebrew/var/homebrew/locks/glib-networking.formula.lock
[2026-02-07 13:50:09] [clean] REMOVED /opt/homebrew/var/homebrew/locks/source-highlight.formula.lock
[2026-02-07 13:50:09] [clean] REMOVED /opt/homebrew/var/homebrew/locks/python-setuptools.formula.lock
[2026-02-07 13:50:09] [clean] REMOVED /opt/homebrew/var/homebrew/locks/hicolor-icon-theme.formula.lock
[2026-02-07 13:50:09] [clean] REMOVED /opt/homebrew/var/homebrew/locks/gobject-introspection.formula.lock
[2026-02-07 13:50:09] [clean] REMOVED /opt/homebrew/var/homebrew/locks/mongodb-database-tools.formula.lock
[2026-02-07 13:50:09] [clean] REMOVED /opt/homebrew/var/homebrew/locks/gsettings-desktop-schemas.formula.lock
[2026-02-07 13:50:09] [clean] REMOVED /Users/mahir/Library/Application Support/Code/Cache/Cache_Data (56KB)
[2026-02-07 13:50:09] [clean] SKIPPED /Users/mahir/Library/Caches/com.apple.Music (protected)
[2026-02-07 13:50:09] [clean] SKIPPED /Users/mahir/Library/Caches/com.apple.podcasts (protected)
[2026-02-07 13:50:09] [clean] SKIPPED /Users/mahir/Library/Containers/com.apple.podcasts/Data/tmp/StreamedMedia (protected)
[2026-02-07 13:50:09] [clean] SKIPPED /Users/mahir/Library/Containers/com.apple.podcasts/Data/tmp/*.heic (protected)
[2026-02-07 13:50:09] [clean] SKIPPED /Users/mahir/Library/Containers/com.apple.podcasts/Data/tmp/*.img (protected)
[2026-02-07 13:50:09] [clean] SKIPPED /Users/mahir/Library/Containers/com.apple.podcasts/Data/tmp/*CFNetworkDownload*.tmp (protected)
[2026-02-07 13:50:09] [clean] REMOVED /Users/mahir/.zcompdump-Black-Box-5.9 (52KB)
[2026-02-07 13:50:09] [clean] REMOVED /Users/mahir/.zcompdump-Black-Box-5.9.zwc (116KB)
[2026-02-07 13:50:19] [clean] REMOVED /var/folders/mt/k_w3660d7_730qr65szll8sr0000gp/T/tmp.RaCWlNuRsD (20KB)
[2026-02-07 13:50:19] [clean] SKIPPED /Users/mahir/Library/Caches/com.apple.rosetta.update (protected)
[2026-02-07 13:50:19] [clean] SKIPPED /Users/mahir/Library/Caches/com.apple.amp.mediasevicesd (protected)
# ========== clean session ended at 2026-02-07 13:50:22, 266 items, 105.9MB ==========
